panel,slot,x,variant,round,inc_runtime_s,batch_runtime_s,batch_step0_runtime_s,breakdown_F_s,breakdown_S_s,breakdown_E_s,breakdown_R_s,breakdown_C_s,sk_mb,recall_plus,aff_join_s,aff_relabel_s,aff_total,add_pct,dataset,add_count,aff_common,aff_new,base_size,batch_align_runtime_s,batch_model_name,batch_peak_mem_mb,batch_rules,batch_search_runtime_s,batch_search_supp_nodes,batch_step1_runtime_s,batch_supp_nodes,batch_timing_contract,batch_train_runtime_s,batch_train_supp_nodes,dataset_ratio,del_count,fn,fp,gt_invalid_rules,gt_new_rules,inc_dequeue_n,inc_enqueue_n,inc_search_nodes,inc_train_canonical_rules,inc_train_raw_rules,lattice_samples,mcorr_diff_enqueued,mcorr_diff_raw,mcorr_diff_size,mcorr_enter_mode,mcorr_enter_threshold,mcorr_inc_cand,mcorr_inc_score_pos,mcorr_params,mcorr_predict_calls,mcorr_step1_cand,mcorr_step1_score_pos,mcorr_succ_generated,mcorr_succ_kept,mcorr_succ_pruned,minsup,minsup_base,new_rules,new_size,paper_mcorr,peak_mem_mb,pred_topk,pruned_rules,recall,recall_minus,remine_train_canonical_rules,remine_train_raw_rules,rules,s0_seeds,sample_count,sample_l8_13_ran,sample_l8_13_rhs,sample_replay_s,sample_replay_visits,sample_size,search_per_node_s,search_s,sigma,single_pred_seeds,sk_exact,sk_intersect,sk_probes,sk_skip,step2_s,step2_verified_n,t9_ml_noskip,t9_ml_seed,total_runtime_s,tp,train_action,train_alignment,train_class_neg,train_class_pos,train_key_sha256,train_label_sha256,update_type,verified,visit_mid_nodes,visit_rule_nodes,workers,batch_plot_s,inc_over_batch_plot,sweep,source_kind,csv_path,exported_at
a,w65536,65536,pincminer,0,42.872661012,249.840313106,131.711711666,0.267760768,10.034918970000001,0.0,16.879069439,6.589228395,2.62144,1,,0.179399795,,,,18410.0,,,1288807.0,19.388804572,batch-cold-round-0,2005.2880859375,226.0,45.555090662,2208.0,53.18467123,22820.0,cold-step0-step1-aff-mine,204.285215851,20612.0,1,18408.0,0.0,16.0,0.0,1.0,0,0,24346.0,2521.0,2521.0,2168.0,0.0,18.0,37.0,enforce,0.85,180698.0,56509.0,5377,4027,31010.0,10998.0,87070,15721,71349,847,847,375.0,1288809.0,True,636.3092422485352,0,2296.0,1,1,2521.0,2521.0,149,0,2168.0,1,16,0.095878822,4962,1841155.0,1.932261628375655e-05,0.095878822,1e-06,0,501,4962,1969,1468,0.024779635,139,False,False,44.697282062999996,226.0,fine-tune,match,1270,226.0,e4469e83b0e154f2eb9d57d627e5d0c9ccb9aa0ef2a96612a768e96fbcddfde2,fe26a1c7d8c9ae9795b539090bce82362d2d6bc19db42c9dde493aa8ebf6e6bf,mix,139,23987.0,359.0,20,249.840313106,0.17160025329383244,f5_mcorr_v283,newmine,/home/mdk/incremental-rule-discovery/exp2026_v7/sweeps/f5_mcorr_v283/a_dblp_union_width/w65536/results.csv,2026-09-11T11:22:02
a,w262144,262144,noaux,0,146.723416922,166.091036609,88.50904436,0.223890348,0.0,43.914751883,15.669061281000001,10.415129815,10.48576,1,,1.060537888,,,,17994.0,,,1259688.0,18.708973047,batch-cold-round-0,10084.395812988281,86.0,29.296906972,1426.0,29.576086581000002,11214.0,cold-step0-step1-aff-mine,136.794125704,9788.0,1,17993.0,0.0,12.0,0.0,0.0,60800,60800,95733.0,,,0.0,0.0,0.0,0.0,enforce,0.85,0.0,0.0,5377,367,17852.0,8991.0,60449,60449,0,57475,57475,508.0,1259689.0,True,7305.429443359375,0,1322.0,1,1,,,460,0,0.0,0,0,0,0,1799556.0,0.00031520829893092107,19.164664575,1e-06,351,0,0,0,0,0.202905501,85,False,False,148.39396292200001,86.0,,,,,,,mix,85,95249.0,484.0,20,166.091036609,0.883391541877158,f5_mcorr_v283,newmine,/home/mdk/incremental-rule-discovery/exp2026_v7/sweeps/f5_mcorr_v283/a_dblp_union_width/w262144/results.csv,2026-09-11T11:22:02
a,w262144,262144,nocs,0,88.58044645,166.091036609,88.50904436,0.241538576,14.627494101,0.0,16.545459692,8.146379583,10.48576,1,,1.080155718,,,,17994.0,,,1259688.0,18.708973047,batch-cold-round-0,10084.395812988281,86.0,29.296906972,1426.0,29.576086581000002,11214.0,cold-step0-step1-aff-mine,136.794125704,9788.0,1,17993.0,0.0,12.0,0.0,0.0,0,0,19384.0,,,1185.0,0.0,0.0,0.0,enforce,0.85,93628.0,40788.0,5377,1803,17852.0,8991.0,41336,4232,37104,57475,57475,146.0,1259689.0,True,4906.821517944336,0,1322.0,1,1,,,98,0,1185.0,1,9,0.389508438,1849,1799556.0,0.00021065897133585722,0.389508438,1e-06,0,1481,1849,1481,0,0.22444154,85,False,False,90.36215511799999,86.0,,,,,,,mix,85,19262.0,122.0,20,166.091036609,0.5333246649458269,f5_mcorr_v283,newmine,/home/mdk/incremental-rule-discovery/exp2026_v7/sweeps/f5_mcorr_v283/a_dblp_union_width/w262144/results.csv,2026-09-11T11:22:02
a,w262144,262144,pincminer,0,39.686384231,218.195712444,111.721985195,0.264787074,10.269687817000001,0.0,17.030347781,8.526585113,10.48576,1,,0.11578103,,,,18410.0,,,1288807.0,19.163627496,batch-cold-round-0,2248.547187805176,226.0,42.970279722,2208.0,44.33978385,22820.0,cold-step0-step1-aff-mine,175.22542552,20612.0,1,18408.0,0.0,21.0,0.0,1.0,0,0,24346.0,2521.0,2521.0,2168.0,0.0,18.0,37.0,enforce,0.85,180698.0,56509.0,5377,4027,31010.0,10998.0,87070,15721,71349,847,847,410.0,1288809.0,True,496.6446228027344,0,2296.0,1,1,2521.0,2521.0,149,0,2168.0,1,16,0.041567097,4962,1841155.0,8.377085247883918e-06,0.041567097,1e-06,0,371,4962,1958,1587,0.031380271,139,False,False,41.644586831,226.0,fine-tune,match,1270,226.0,e4469e83b0e154f2eb9d57d627e5d0c9ccb9aa0ef2a96612a768e96fbcddfde2,fe26a1c7d8c9ae9795b539090bce82362d2d6bc19db42c9dde493aa8ebf6e6bf,mix,139,23957.0,389.0,20,218.195712444,0.18188434496019495,f5_mcorr_v283,newmine,/home/mdk/incremental-rule-discovery/exp2026_v7/sweeps/f5_mcorr_v283/a_dblp_union_width/w262144/results.csv,2026-09-11T11:22:02
a,w1048576,1048576,pincminer,0,35.516855829,261.734552526,146.217099771,0.33753907,9.66245893,0.0,15.781479917,7.089812331,41.94304,1,,0.118993408,,,,18410.0,,,1288807.0,21.178000005,batch-cold-round-0,2196.5022506713867,226.0,46.322266231,2208.0,48.017140908,22820.0,cold-step0-step1-aff-mine,215.412279259,20612.0,1,18408.0,0.0,9.0,0.0,1.0,0,0,24346.0,2521.0,2521.0,2168.0,0.0,18.0,37.0,enforce,0.85,180698.0,56509.0,5377,4027,31010.0,10998.0,87070,15721,71349,847,847,531.0,1288809.0,True,400.88087463378906,0,2296.0,1,1,2521.0,2521.0,149,0,2168.0,1,16,0.016306501,4962,1841155.0,3.2862758968158003e-06,0.016306501,1e-06,0,387,4962,2119,1732,0.021784004,139,False,False,37.536422672,226.0,fine-tune,match,1270,226.0,e4469e83b0e154f2eb9d57d627e5d0c9ccb9aa0ef2a96612a768e96fbcddfde2,fe26a1c7d8c9ae9795b539090bce82362d2d6bc19db42c9dde493aa8ebf6e6bf,mix,139,23824.0,522.0,20,261.734552526,0.1356980019879945,f5_mcorr_v283,newmine,/home/mdk/incremental-rule-discovery/exp2026_v7/sweeps/f5_mcorr_v283/a_dblp_union_width/w1048576/results.csv,2026-09-11T11:22:02
a,w4194304,4194304,pincminer,0,38.000762103,232.81064748,125.27864889599999,0.29263775200000003,10.438010058,0.0,16.888736461,6.574484067999999,167.77216,1,,0.113251432,,,,18410.0,,,1288807.0,20.069909506000002,batch-cold-round-0,2887.665687561035,227.0,41.842657449,2208.0,45.619397936,22820.0,cold-step0-step1-aff-mine,190.967983873,20612.0,1,18408.0,0.0,15.0,0.0,1.0,0,0,24355.0,2521.0,2521.0,2169.0,0.0,18.0,37.0,enforce,0.85,180778.0,56527.0,5377,4029,31010.0,10998.0,87150,15739,71411,847,847,564.0,1288809.0,True,531.8254623413086,0,2296.0,1,1,2521.0,2521.0,149,0,2169.0,1,17,0.065783736,4971,1841155.0,1.3233501508750754e-05,0.065783736,1e-06,0,402,4971,2134,1732,0.028629498,140,False,False,39.985673392,226.0,fine-tune,match,1270,226.0,e4469e83b0e154f2eb9d57d627e5d0c9ccb9aa0ef2a96612a768e96fbcddfde2,fe26a1c7d8c9ae9795b539090bce82362d2d6bc19db42c9dde493aa8ebf6e6bf,mix,140,23811.0,544.0,20,232.81064748,0.16322604878397806,f5_mcorr_v283,newmine,/home/mdk/incremental-rule-discovery/exp2026_v7/sweeps/f5_mcorr_v283/a_dblp_union_width/w4194304/results.csv,2026-09-11T11:22:02
a,w16777216,16777216,pincminer,0,29.614108157,204.642187114,107.428920429,0.315228398,7.2263624459999996,0.0,14.766349957000001,6.032701851,671.08864,1,,0.12462791,,,,18410.0,,,1288807.0,18.886806294,batch-cold-round-0,4395.438293457031,227.0,39.071500574,2208.0,39.254920533,22820.0,cold-step0-step1-aff-mine,165.570680432,20612.0,1,18408.0,0.0,8.0,0.0,1.0,0,0,24346.0,2521.0,2521.0,2168.0,0.0,18.0,37.0,enforce,0.85,180698.0,56509.0,5377,4027,31010.0,10998.0,87070,15721,71349,847,847,599.0,1288809.0,True,1289.221336364746,0,2296.0,1,1,2521.0,2521.0,149,0,2168.0,1,16,0.020008586,4962,1841155.0,4.032363160016122e-06,0.020008586,1e-06,0,443,4962,2175,1732,0.026696385,139,False,False,31.59177653,226.0,fine-tune,match,1270,226.0,e4469e83b0e154f2eb9d57d627e5d0c9ccb9aa0ef2a96612a768e96fbcddfde2,fe26a1c7d8c9ae9795b539090bce82362d2d6bc19db42c9dde493aa8ebf6e6bf,mix,139,23756.0,590.0,20,204.642187114,0.14471164804597633,f5_mcorr_v283,newmine,/home/mdk/incremental-rule-discovery/exp2026_v7/sweeps/f5_mcorr_v283/a_dblp_union_width/w16777216/results.csv,2026-09-11T11:22:02
b,h1,1,pincminer,0,39.529776672,245.22998909999998,128.587065612,0.246821017,10.233749968,0.0,15.536262467,7.255804098,2.097152,1,,0.175031998,,,,18410.0,,,1288807.0,18.852158541999998,batch-cold-round-0,2024.6831512451172,226.0,45.972385744,2208.0,51.818341621,22820.0,cold-step0-step1-aff-mine,199.25759707,20612.0,1,18408.0,0.0,9.0,0.0,1.0,0,0,24346.0,2521.0,2521.0,2168.0,0.0,18.0,37.0,enforce,0.85,180698.0,56509.0,5377,4027,31010.0,10998.0,87070,15721,71349,847,847,463.0,1288809.0,True,492.0273666381836,0,2296.0,1,1,2521.0,2521.0,149,0,2168.0,1,16,0.025834152,4962,1841155.0,5.206399032648126e-06,0.025834152,1e-06,0,315,4962,2047,1732,0.022176884,139,False,False,41.443256783,226.0,fine-tune,match,1270,226.0,e4469e83b0e154f2eb9d57d627e5d0c9ccb9aa0ef2a96612a768e96fbcddfde2,fe26a1c7d8c9ae9795b539090bce82362d2d6bc19db42c9dde493aa8ebf6e6bf,mix,139,23892.0,454.0,20,245.22998909999998,0.16119470875921513,f5_mcorr_v283,newmine,/home/mdk/incremental-rule-discovery/exp2026_v7/sweeps/f5_mcorr_v283/b_dblp_union_depth/h1/results.csv,2026-09-11T11:22:02
b,h3,3,pincminer,0,35.832068573,222.004910638,113.315923645,0.297837292,7.217822884,0.0,14.956917222000001,7.2675272909999995,6.291456,1,,0.109006056,,,,18410.0,,,1288807.0,18.343725836,batch-cold-round-0,2050.84464263916,226.0,45.976573341,2208.0,44.368652546,22820.0,cold-step0-step1-aff-mine,176.02833244,20612.0,1,18408.0,0.0,9.0,0.0,1.0,0,0,24346.0,2521.0,2521.0,2168.0,0.0,18.0,37.0,enforce,0.85,180698.0,56509.0,5377,4027,31010.0,10998.0,87070,15721,71349,847,847,439.0,1288809.0,True,385.31658935546875,0,2296.0,1,1,2521.0,2521.0,149,0,2168.0,1,16,0.018400065,4962,1841155.0,3.708195284159613e-06,0.018400065,1e-06,0,296,4962,2028,1732,0.021643777,139,False,False,37.537515171,226.0,fine-tune,match,1270,226.0,e4469e83b0e154f2eb9d57d627e5d0c9ccb9aa0ef2a96612a768e96fbcddfde2,fe26a1c7d8c9ae9795b539090bce82362d2d6bc19db42c9dde493aa8ebf6e6bf,mix,139,23916.0,430.0,20,222.004910638,0.16140214407881984,f5_mcorr_v283,newmine,/home/mdk/incremental-rule-discovery/exp2026_v7/sweeps/f5_mcorr_v283/b_dblp_union_depth/h3/results.csv,2026-09-11T11:22:02
b,h5,5,noaux,0,67.366719111,64.40856595300001,41.484291122,0.20293672199999999,0.0,21.087016702,1.224849298,7.7937389360000005,10.48576,1,,1.060537888,,,,13810.0,,,966759.0,4.15091909,batch-cold-round-0,10084.395812988281,85.0,9.892182910999999,524.0,8.881154581,6538.0,cold-step0-step1-aff-mine,54.516380418000004,6014.0,1,13809.0,0.0,12.0,0.0,0.0,60800,60800,60824.0,,,0.0,0.0,0.0,0.0,enforce,0.85,0.0,0.0,5377,367,7462.0,571.0,60449,60449,0,57475,57475,472.0,966760.0,True,7305.429443359375,0,427.0,1,1,,,460,0,0.0,0,0,0,0,1381085.0,0.00031520829893092107,19.164664575,1e-06,351,0,0,0,0,0.202905501,85,False,False,68.305036281,85.0,,,,,,,mix,85,60376.0,448.0,20,64.40856595300001,1.0459279462945752,f5_mcorr_v283,newmine,/home/mdk/incremental-rule-discovery/exp2026_v7/sweeps/f5_mcorr_v283/b_dblp_union_depth/h5/results.csv,2026-09-11T11:22:02
b,h5,5,nocs,0,13.653913817,64.40856595300001,41.484291122,0.224453314,0.52690207,0.0,1.285831354,6.353976469999999,10.48576,1,,1.080155718,,,,13810.0,,,966759.0,4.15091909,batch-cold-round-0,10084.395812988281,85.0,9.892182910999999,524.0,8.881154581,6538.0,cold-step0-step1-aff-mine,54.516380418000004,6014.0,1,13809.0,0.0,12.0,0.0,0.0,0,0,1852.0,,,388.0,0.0,0.0,0.0,enforce,0.85,41372.0,4240.0,5377,1803,7462.0,571.0,41336,4232,37104,57475,57475,143.0,966760.0,True,4906.821517944336,0,427.0,1,1,,,98,0,388.0,1,9,0.389508438,1849,1381085.0,0.00021065897133585722,0.389508438,1e-06,0,1481,1849,1481,0,0.22444154,85,False,False,14.641799877,85.0,,,,,,,mix,85,1733.0,119.0,20,64.40856595300001,0.21198909826626922,f5_mcorr_v283,newmine,/home/mdk/incremental-rule-discovery/exp2026_v7/sweeps/f5_mcorr_v283/b_dblp_union_depth/h5/results.csv,2026-09-11T11:22:02
b,h5,5,pincminer,0,34.376825626,223.473416497,115.25804205099999,0.242959235,7.603582097,0.0,15.014565908,8.27680948,10.48576,1,,0.17701972,,,,18410.0,,,1288807.0,17.760182118,batch-cold-round-0,2013.5843124389648,227.0,44.999634215,2208.0,45.455522744,22820.0,cold-step0-step1-aff-mine,178.4737755,20612.0,1,18408.0,0.0,20.0,0.0,1.0,0,0,24355.0,2521.0,2521.0,2169.0,0.0,18.0,37.0,enforce,0.85,180778.0,56527.0,5377,4029,31010.0,10998.0,87150,15739,71411,847,847,396.0,1288809.0,True,626.4496994018555,0,2296.0,1,1,2521.0,2521.0,149,0,2169.0,1,17,0.155542955,4971,1841155.0,3.1290073425870046e-05,0.155542955,1e-06,0,367,4971,1954,1587,0.019179763,140,False,False,36.138832404,226.0,fine-tune,match,1270,226.0,e4469e83b0e154f2eb9d57d627e5d0c9ccb9aa0ef2a96612a768e96fbcddfde2,fe26a1c7d8c9ae9795b539090bce82362d2d6bc19db42c9dde493aa8ebf6e6bf,mix,140,23984.0,371.0,20,223.473416497,0.15382959711658362,f5_mcorr_v283,newmine,/home/mdk/incremental-rule-discovery/exp2026_v7/sweeps/f5_mcorr_v283/b_dblp_union_depth/h5/results.csv,2026-09-11T11:22:02
b,h7,7,pincminer,0,37.707220796,231.029939128,124.690179852,0.28922186,7.370688075,0.0,14.993213778,8.320678122,14.680064,1,,0.177052637,,,,18410.0,,,1288807.0,18.740485468,batch-cold-round-0,2257.778923034668,226.0,45.398420832999996,2208.0,42.200818584000004,22820.0,cold-step0-step1-aff-mine,185.631512572,20612.0,1,18408.0,0.0,13.0,0.0,1.0,0,0,24346.0,2521.0,2521.0,2168.0,0.0,18.0,37.0,enforce,0.85,180698.0,56509.0,5377,4027,31010.0,10998.0,87070,15721,71349,847,847,471.0,1288809.0,True,578.6923980712891,0,2296.0,1,1,2521.0,2521.0,149,0,2168.0,1,16,0.043607605,4962,1841155.0,8.788312172511085e-06,0.043607605,1e-06,0,425,4962,2012,1587,0.0224885,139,False,False,39.410097472,226.0,fine-tune,match,1270,226.0,e4469e83b0e154f2eb9d57d627e5d0c9ccb9aa0ef2a96612a768e96fbcddfde2,fe26a1c7d8c9ae9795b539090bce82362d2d6bc19db42c9dde493aa8ebf6e6bf,mix,139,23888.0,458.0,20,231.029939128,0.1632135685025163,f5_mcorr_v283,newmine,/home/mdk/incremental-rule-discovery/exp2026_v7/sweeps/f5_mcorr_v283/b_dblp_union_depth/h7/results.csv,2026-09-11T11:22:02
b,h9,9,pincminer,0,40.221218767,221.650129293,116.311602948,0.230284452,10.734968478,0.0,16.324904109000002,8.388390861,18.874368,1,,0.135110456,,,,18410.0,,,1288807.0,20.477357299,batch-cold-round-0,2073.8774185180664,227.0,42.733887463,2208.0,42.127243331,22820.0,cold-step0-step1-aff-mine,178.9162358,20612.0,1,18408.0,0.0,15.0,0.0,1.0,0,0,24346.0,2521.0,2521.0,2168.0,0.0,18.0,37.0,enforce,0.85,180698.0,56509.0,5377,4027,31010.0,10998.0,87070,15721,71349,847,847,411.0,1288809.0,True,527.1393127441406,0,2296.0,1,1,2521.0,2521.0,149,0,2168.0,1,16,0.045793794,4962,1841155.0,9.228898428053204e-06,0.045793794,1e-06,0,410,4962,1997,1587,0.027911904,139,False,False,42.200509624999995,226.0,fine-tune,match,1270,226.0,e4469e83b0e154f2eb9d57d627e5d0c9ccb9aa0ef2a96612a768e96fbcddfde2,fe26a1c7d8c9ae9795b539090bce82362d2d6bc19db42c9dde493aa8ebf6e6bf,mix,139,23951.0,395.0,20,221.650129293,0.18146264518452615,f5_mcorr_v283,newmine,/home/mdk/incremental-rule-discovery/exp2026_v7/sweeps/f5_mcorr_v283/b_dblp_union_depth/h9/results.csv,2026-09-11T11:22:02
c,h1,1,pincminer,0,3.277895874,15.764937301,9.286101297,0.041061394,0.233080566,0.003155511,2.603839724,0.211463766,0.032768,0.5,,,,,,4884,,,22792,2.998003589,batch-cold-round-0,742.7302169799805,143,1.790427582,1603,1.6903969,11535,cold-step0-step1-aff-mine,13.974507903,9932,1,4884,1,164,0,2,,,,1437,1437,1046,932,1307,1918,enforce,0.85,86136,30247,5377,4232,14801,6234,,,,,,359,22792,True,321.7941360473633,0,1299,0.9928571428571429,1,1437,1437,305,,,,,,,32561,,,,,248,11427,719,471,,,False,False,3.388546337,139,fine-tune,match,381,139,0ee6f78fdc3c412170b07c387402ffa914e5c33136991c2140e802a31ac3ba40,310c439853ce002814622e340add48bd02ce4242f72eaa2150c2e55394c3918b,mix,142,,,20,15.764937301,0.20792317859659845,f5_mcorr_v255,locked,/home/mdk/incremental-rule-discovery/exp2026_v7/sweeps/f5_mcorr_v255/c_probe/s06_csfirst_w4096_sig1e5/h1/results.csv,2026-09-11T11:22:02
c,h1,1,nocs,0,8.064838509,15.764937301,9.286101297,0.039016728,3.159255745,0.085740969,2.62301701,0.306427196,0.032768,1,,,,,,4884,,,22792,2.998003589,batch-cold-round-0,742.7302169799805,143,1.790427582,1603,1.6903969,11535,cold-step0-step1-aff-mine,13.974507903,9932,1,4884,0,207,0,2,,,,,,1046,932,1307,1918,enforce,0.85,89619,32252,5377,4505,14801,6234,,,,,,682,22792,True,479.13580322265625,0,1299,1,1,,,350,,,,,,,32561,,,,,7075,11427,7075,0,,,False,False,8.167351091,140,,,,,,,mix,142,,,20,15.764937301,0.5115680674789891,f5_mcorr_v255,locked,/home/mdk/incremental-rule-discovery/exp2026_v7/sweeps/f5_mcorr_v255/c_probe/s06_csfirst_w4096_sig1e5/h1/results.csv,2026-09-11T11:22:02
c,h1,1,staticcorr,0,0.809067429,15.764937301,9.286101297,0.041729234,0.321671596,0,0,0.289876899,0.032768,0,,,,,,4884,,,22792,2.998003589,batch-cold-round-0,742.7302169799805,143,1.790427582,1603,1.6903969,11535,cold-step0-step1-aff-mine,13.974507903,9932,1,4884,2,210,0,2,,,,,,1046,0,0,0,enforce,0.85,86132,29934,5377,4231,14801,6234,,,,,,628,22792,True,295.7050094604492,0,1299,0.9857142857142858,1,,,351,,,,,,,32561,,,,,182,11442,1232,1050,,,False,False,0.911023914,138,,,,,,,mix,142,,,20,15.764937301,0.051320688027644695,f5_mcorr_v255,locked,/home/mdk/incremental-rule-discovery/exp2026_v7/sweeps/f5_mcorr_v255/c_probe/s06_csfirst_w4096_sig1e5/h1/results.csv,2026-09-11T11:22:02
c,h3,3,pincminer,0,3.424293922,15.740995758,9.195475034,0.042813478,0.221859367,0.002671413,2.719596071,0.197383837,0.098304,0.5,,,,,,4884,,,22792,3.119361198,batch-cold-round-0,660.1586532592773,146,1.7120961449999998,1603,1.714053781,11535,cold-step0-step1-aff-mine,14.028897671,9932,1,4884,1,194,0,2,,,,1437,1437,1049,932,1307,1918,enforce,0.85,86376,30266,5377,4238,14801,6234,,,,,,441,22792,True,302.69661712646484,0,1299,0.9928571428571429,1,1437,1437,339,,,,,,,32561,,,,,272,11434,728,456,,,False,False,3.511134732,139,fine-tune,match,381,139,0ee6f78fdc3c412170b07c387402ffa914e5c33136991c2140e802a31ac3ba40,310c439853ce002814622e340add48bd02ce4242f72eaa2150c2e55394c3918b,mix,145,,,20,15.740995758,0.2175398541899537,f5_mcorr_v255,locked,/home/mdk/incremental-rule-discovery/exp2026_v7/sweeps/f5_mcorr_v255/c_probe/s06_csfirst_w4096_sig1e5/h3/results.csv,2026-09-11T11:22:02
c,h3,3,nocs,0,8.37195308,15.740995758,9.195475034,0.04073323,2.990135259,0.077190079,2.831298875,0.347757352,0.098304,1,,,,,,4884,,,22792,3.119361198,batch-cold-round-0,660.1586532592773,146,1.7120961449999998,1603,1.714053781,11535,cold-step0-step1-aff-mine,14.028897671,9932,1,4884,0,224,0,2,,,,,,1049,932,1307,1918,enforce,0.85,89859,32271,5377,4511,14801,6234,,,,,,712,22792,True,476.7428436279297,0,1299,1,1,,,370,,,,,,,32561,,,,,7035,11434,7035,0,,,False,False,8.467692035,140,,,,,,,mix,145,,,20,15.740995758,0.5318566378334196,f5_mcorr_v255,locked,/home/mdk/incremental-rule-discovery/exp2026_v7/sweeps/f5_mcorr_v255/c_probe/s06_csfirst_w4096_sig1e5/h3/results.csv,2026-09-11T11:22:02
c,h3,3,staticcorr,0,0.928983092,15.740995758,9.195475034,0.04334924,0.33961133,0,0,0.29655674,0.098304,0,,,,,,4884,,,22792,3.119361198,batch-cold-round-0,660.1586532592773,146,1.7120961449999998,1603,1.714053781,11535,cold-step0-step1-aff-mine,14.028897671,9932,1,4884,2,227,0,2,,,,,,1049,0,0,0,enforce,0.85,86372,29958,5377,4237,14801,6234,,,,,,714,22792,True,255.18668365478516,0,1299,0.9857142857142858,1,,,371,,,,,,,32561,,,,,207,11454,1108,901,,,False,False,1.024583814,138,,,,,,,mix,145,,,20,15.740995758,0.05901679323735702,f5_mcorr_v255,locked,/home/mdk/incremental-rule-discovery/exp2026_v7/sweeps/f5_mcorr_v255/c_probe/s06_csfirst_w4096_sig1e5/h3/results.csv,2026-09-11T11:22:02
c,h5,5,pincminer,0,4.11480959,11.548002217,6.590903368,0.046131771,0.903350851,0.036310548,2.204872213,0.246207974,0.16384,1,,,,,,4884,,,22792,2.569541888,batch-cold-round-0,694.7862701416016,145,1.232528244,1603,1.15502124,11535,cold-step0-step1-aff-mine,10.3154727,9932,1,4884,0,207,0,2,,,,1437,1437,1048,917,1290,1901,enforce,0.85,88579,31521,5377,4394,14801,6234,,,,,,435,22792,True,365.2444076538086,0,1299,1,1,1437,1437,352,,,,,,,32561,,,,,3154,11419,3460,306,,,False,False,4.226731937,140,fine-tune,match,381,139,0ee6f78fdc3c412170b07c387402ffa914e5c33136991c2140e802a31ac3ba40,310c439853ce002814622e340add48bd02ce4242f72eaa2150c2e55394c3918b,mix,144,,,20,11.548002217,0.35632220298178696,f5_mcorr_v255,locked,/home/mdk/incremental-rule-discovery/exp2026_v7/sweeps/f5_mcorr_v255/c_probe/s06_csfirst_w4096_sig1e5/h5/results.csv,2026-09-11T11:22:02
c,h5,5,nocs,0,5.75493302,11.548002217,6.590903368,0.050464808,1.889596387,0.056540768,2.131383056,0.214567967,0.16384,1,,,,,,4884,,,22792,2.569541888,batch-cold-round-0,694.7862701416016,145,1.232528244,1603,1.15502124,11535,cold-step0-step1-aff-mine,10.3154727,9932,1,4884,0,225,0,2,,,,,,1048,917,1290,1901,enforce,0.85,89779,32249,5377,4509,14801,6234,,,,,,672,22792,True,433.3441162109375,0,1299,1,1,,,370,,,,,,,32561,,,,,7003,11419,7003,0,,,False,False,5.852688618,140,,,,,,,mix,144,,,20,11.548002217,0.4983487976412119,f5_mcorr_v255,locked,/home/mdk/incremental-rule-discovery/exp2026_v7/sweeps/f5_mcorr_v255/c_probe/s06_csfirst_w4096_sig1e5/h5/results.csv,2026-09-11T11:22:02
c,h5,5,staticcorr,0,2.104012845,11.548002217,6.590903368,0.042329534,0.963791537,0,0,0.498836281,0.16384,0,,,,,,4884,,,22792,2.569541888,batch-cold-round-0,694.7862701416016,145,1.232528244,1603,1.15502124,11535,cold-step0-step1-aff-mine,10.3154727,9932,1,4884,2,223,0,2,,,,,,1048,0,0,0,enforce,0.85,86292,29948,5377,4235,14801,6234,,,,,,657,22792,True,409.63036346435547,0,1299,0.9857142857142858,1,,,367,,,,,,,32561,,,,,3505,11449,3920,415,,,False,False,2.241471183,138,,,,,,,mix,144,,,20,11.548002217,0.182197128599668,f5_mcorr_v255,locked,/home/mdk/incremental-rule-discovery/exp2026_v7/sweeps/f5_mcorr_v255/c_probe/s06_csfirst_w4096_sig1e5/h5/results.csv,2026-09-11T11:22:02
c,h7,7,pincminer,0,3.856490059,11.131305285,6.322241173,0.044308539,0.924921994,0.042967125,2.148903669,0.178016003,0.229376,1,,,,,,4884,,,22792,2.498608531,batch-cold-round-0,650.0517730712891,143,1.195617387,1603,1.114832849,11535,cold-step0-step1-aff-mine,9.935687118,9932,1,4884,0,160,0,2,,,,1437,1437,1045,932,1307,1918,enforce,0.85,88339,31519,5377,4388,14801,6234,,,,,,419,22792,True,417.25782775878906,0,1299,1,1,1437,1437,303,,,,,,,32561,,,,,3277,11426,3635,358,,,False,False,3.961367298,140,fine-tune,match,381,139,0ee6f78fdc3c412170b07c387402ffa914e5c33136991c2140e802a31ac3ba40,310c439853ce002814622e340add48bd02ce4242f72eaa2150c2e55394c3918b,mix,141,,,20,11.131305285,0.34645443281452504,f5_mcorr_v255,locked,/home/mdk/incremental-rule-discovery/exp2026_v7/sweeps/f5_mcorr_v255/c_probe/s06_csfirst_w4096_sig1e5/h7/results.csv,2026-09-11T11:22:02
c,h7,7,nocs,0,5.829309191,11.131305285,6.322241173,0.043993356,1.908022294,0.051732134,2.169471722,0.184753908,0.229376,1,,,,,,4884,,,22792,2.498608531,batch-cold-round-0,650.0517730712891,143,1.195617387,1603,1.114832849,11535,cold-step0-step1-aff-mine,9.935687118,9932,1,4884,0,203,0,2,,,,,,1045,932,1307,1918,enforce,0.85,89539,32247,5377,4503,14801,6234,,,,,,685,22792,True,472.3080062866211,0,1299,1,1,,,346,,,,,,,32561,,,,,7108,11426,7108,0,,,False,False,5.933513701,140,,,,,,,mix,141,,,20,11.131305285,0.5236860405630318,f5_mcorr_v255,locked,/home/mdk/incremental-rule-discovery/exp2026_v7/sweeps/f5_mcorr_v255/c_probe/s06_csfirst_w4096_sig1e5/h7/results.csv,2026-09-11T11:22:02
c,h7,7,staticcorr,0,1.841619154,11.131305285,6.322241173,0.045062232,1.018978977,0,0,0.2666263,0.229376,0,,,,,,4884,,,22792,2.498608531,batch-cold-round-0,650.0517730712891,143,1.195617387,1603,1.114832849,11535,cold-step0-step1-aff-mine,9.935687118,9932,1,4884,2,202,0,2,,,,,,1045,0,0,0,enforce,0.85,86052,29926,5377,4229,14801,6234,,,,,,594,22792,True,467.26517486572266,0,1299,0.9857142857142858,1,,,344,,,,,,,32561,,,,,3493,11438,3852,359,,,False,False,1.945857335,138,,,,,,,mix,141,,,20,11.131305285,0.16544503154375576,f5_mcorr_v255,locked,/home/mdk/incremental-rule-discovery/exp2026_v7/sweeps/f5_mcorr_v255/c_probe/s06_csfirst_w4096_sig1e5/h7/results.csv,2026-09-11T11:22:02
c,h9,9,pincminer,0,3.863998535,10.235248459,5.52497023,0.043653969,0.763366664,0.031664403,2.283811817,0.165279007,0.294912,1,,,,,,4884,,,22792,2.549384883,batch-cold-round-0,706.9951553344727,146,1.099604644,1603,1.061283672,11535,cold-step0-step1-aff-mine,9.13564269,9932,1,4884,0,189,0,2,,,,1437,1437,1046,918,1291,1902,enforce,0.85,88018,31302,5377,4369,14801,6234,,,,,,505,22792,True,408.91229248046875,0,1299,1,1,1437,1437,335,,,,,,,32561,,,,,2981,11448,3347,366,,,False,False,3.954986204,140,fine-tune,match,381,139,0ee6f78fdc3c412170b07c387402ffa914e5c33136991c2140e802a31ac3ba40,310c439853ce002814622e340add48bd02ce4242f72eaa2150c2e55394c3918b,mix,142,,,20,10.235248459,0.37751878232153036,f5_mcorr_v255,locked,/home/mdk/incremental-rule-discovery/exp2026_v7/sweeps/f5_mcorr_v255/c_probe/s06_csfirst_w4096_sig1e5/h9/results.csv,2026-09-11T11:22:02
c,h9,9,nocs,0,5.620936819,10.235248459,5.52497023,0.047182442,1.832955781,0.043337601,2.157946013,0.165600319,0.294912,1,,,,,,4884,,,22792,2.549384883,batch-cold-round-0,706.9951553344727,146,1.099604644,1603,1.061283672,11535,cold-step0-step1-aff-mine,9.13564269,9932,1,4884,0,226,0,2,,,,,,1046,918,1291,1902,enforce,0.85,89619,32306,5377,4505,14801,6234,,,,,,650,22792,True,488.14532470703125,0,1299,1,1,,,372,,,,,,,32561,,,,,7084,11448,7084,0,,,False,False,5.715803822,140,,,,,,,mix,142,,,20,10.235248459,0.5491744378767308,f5_mcorr_v255,locked,/home/mdk/incremental-rule-discovery/exp2026_v7/sweeps/f5_mcorr_v255/c_probe/s06_csfirst_w4096_sig1e5/h9/results.csv,2026-09-11T11:22:02
c,h9,9,staticcorr,0,1.731077368,10.235248459,5.52497023,0.046079838,0.957389087,0,0,0.249362019,0.294912,0,,,,,,4884,,,22792,2.549384883,batch-cold-round-0,706.9951553344727,146,1.099604644,1603,1.061283672,11535,cold-step0-step1-aff-mine,9.13564269,9932,1,4884,2,228,0,2,,,,,,1046,0,0,0,enforce,0.85,86132,30004,5377,4231,14801,6234,,,,,,647,22792,True,471.17842864990234,0,1299,0.9857142857142858,1,,,373,,,,,,,32561,,,,,3249,11477,3676,427,,,False,False,1.8327163419999999,138,,,,,,,mix,142,,,20,10.235248459,0.16912900306565973,f5_mcorr_v255,locked,/home/mdk/incremental-rule-discovery/exp2026_v7/sweeps/f5_mcorr_v255/c_probe/s06_csfirst_w4096_sig1e5/h9/results.csv,2026-09-11T11:22:02
d,a1d1,0,naive,0,112.624887103,154.871145617,67.384695686,0.042259458,0.0,47.638266911,15.669075423,7.969599592,10.48576,1,,1.00545769,,,,14986.0,,,1049067.0,14.093199161,batch-cold-round-0,2328.680076599121,141.0,35.458186917,1697.0,37.935036747000005,16322.0,cold-step0-step1-aff-mine,119.41295256400001,14625.0,1,14984.0,0.0,9.0,0.0,1.0,124942,124942,159875.0,,,0.0,0.0,0.0,0.0,enforce,0.85,0.0,0.0,5377,845,23550.0,10428.0,124318,124318,0,847,847,2963.0,1049069.0,True,1467.4831161499023,0,1878.0,1,1,,,2918,0,0.0,0,0,0,0,1498669.0,0.0001838928308495142,22.975938072,1e-06,624,0,0,0,0,0.027570455,139,False,False,113.698618579,141.0,,,,,,,mix,139,156930.0,2945.0,20,154.871145617,0.7272167236466631,f5_mcorr_v283,newmine,/home/mdk/incremental-rule-discovery/exp2026_v7/sweeps/f5_mcorr_v283/d_dblp_union_adddom/a1d1/results.csv,2026-09-11T11:22:02
d,a1d1,0,noaux,0,141.648696536,213.903160043,106.991980986,0.24227548599999998,0.0,51.091013599,15.675692877,10.376775083,10.48576,1,,0.173927078,,,,18410.0,,,1288807.0,18.204940216,batch-cold-round-0,2328.680076599121,226.0,43.738035218,2208.0,44.968166113,22820.0,cold-step0-step1-aff-mine,170.165117661,20612.0,1,18408.0,0.0,21.0,0.0,1.0,124942,124942,220675.0,,,0.0,0.0,0.0,0.0,enforce,0.85,0.0,0.0,5377,845,31010.0,10998.0,124318,124318,0,847,847,3435.0,1288809.0,True,1419.3957901000977,0,2296.0,1,1,,,2918,0,0.0,0,0,0,0,1841155.0,0.0001064421238174513,13.299091834,1e-06,624,0,0,0,0,0.023070948,139,False,False,143.23594231,226.0,,,,,,,mix,139,217282.0,3393.0,20,213.903160043,0.6622094620178822,f5_mcorr_v283,newmine,/home/mdk/incremental-rule-discovery/exp2026_v7/sweeps/f5_mcorr_v283/d_dblp_union_adddom/a1d1/results.csv,2026-09-11T11:22:02
d,a1d1,0,nocs,0,76.190618719,213.903160043,106.991980986,0.259542619,12.137280554,0.0,15.160806491,8.904635261,10.48576,1,,0.109985389,,,,18410.0,,,1288807.0,18.204940216,batch-cold-round-0,2328.680076599121,226.0,43.738035218,2208.0,44.968166113,22820.0,cold-step0-step1-aff-mine,170.165117661,20612.0,1,18408.0,0.0,21.0,0.0,1.0,0,0,24346.0,,,2168.0,0.0,18.0,37.0,enforce,0.85,180698.0,56509.0,5377,4027,31010.0,10998.0,87070,15721,71349,847,847,325.0,1288809.0,True,860.8299789428711,0,2296.0,1,1,,,149,0,2168.0,1,16,0.33752429,4962,1841155.0,6.802182386134623e-05,0.33752429,1e-06,0,1889,4962,1889,0,0.020879861,139,False,False,77.8768998,226.0,,,,,,,mix,139,24063.0,283.0,20,213.903160043,0.3561921137756157,f5_mcorr_v283,newmine,/home/mdk/incremental-rule-discovery/exp2026_v7/sweeps/f5_mcorr_v283/d_dblp_union_adddom/a1d1/results.csv,2026-09-11T11:22:02
d,a1d1,0,pincminer,0,34.009113856,213.903160043,106.991980986,0.2472706,7.786745403,0.0,14.839298623000001,6.667648025,10.48576,1,,0.177287531,,,,18410.0,,,1288807.0,18.204940216,batch-cold-round-0,2328.680076599121,226.0,43.738035218,2208.0,44.968166113,22820.0,cold-step0-step1-aff-mine,170.165117661,20612.0,1,18408.0,0.0,21.0,0.0,1.0,0,0,24346.0,2521.0,2521.0,2168.0,0.0,18.0,37.0,enforce,0.85,180698.0,56509.0,5377,4027,31010.0,10998.0,87070,15721,71349,847,847,377.0,1288809.0,True,306.54100799560547,0,2296.0,1,1,2521.0,2521.0,149,0,2168.0,1,16,0.065702642,4962,1841155.0,1.3241161225312375e-05,0.065702642,1e-06,0,343,4962,1930,1587,0.021710111,139,False,False,35.867087074,226.0,fine-tune,match,1270,226.0,e4469e83b0e154f2eb9d57d627e5d0c9ccb9aa0ef2a96612a768e96fbcddfde2,fe26a1c7d8c9ae9795b539090bce82362d2d6bc19db42c9dde493aa8ebf6e6bf,mix,139,23990.0,356.0,20,213.903160043,0.15899304081886073,f5_mcorr_v283,newmine,/home/mdk/incremental-rule-discovery/exp2026_v7/sweeps/f5_mcorr_v283/d_dblp_union_adddom/a1d1/results.csv,2026-09-11T11:22:02
d,a1d1,0,staticcorr,0,30.838196199000002,154.871145617,67.384695686,0.035260032000000004,23.802909811,0.0,0.0,5.613008606,10.48576,1,,0,,,,14986.0,,,1049067.0,14.093199161,batch-cold-round-0,2328.680076599121,141.0,35.458186917,1697.0,37.935036747000005,16322.0,cold-step0-step1-aff-mine,119.41295256400001,14625.0,1,14984.0,0.0,9.0,0.0,1.0,0,0,26065.0,,,1784.0,0.0,0.0,0.0,enforce,0.85,139362.0,56444.0,5377,4027,23550.0,10428.0,87070,19888,67182,847,847,178.0,1049069.0,True,598.3397903442383,0,1878.0,1,1,,,149,0,1784.0,1,16,0.199010952,8530,1498669.0,2.3330709495896833e-05,0.199010952,1e-06,0,436,8530,4971,4535,0.021164405,139,False,False,31.800165651,141.0,,,,,,,mix,139,25905.0,160.0,20,154.871145617,0.1991216380310351,f5_mcorr_v283,newmine,/home/mdk/incremental-rule-discovery/exp2026_v7/sweeps/f5_mcorr_v283/d_dblp_union_adddom/a1d1/results.csv,2026-09-11T11:22:02
d,a5d2,1,naive,0,229.78285122900002,271.231336863,141.39455658400001,0.587158026,0.0,80.637045756,30.938596425,8.961240354,10.48576,1,,1.923161365,,,,92057.0,,,1288807.0,26.038802366000002,batch-cold-round-0,1984.8749542236328,224.0,51.658248599,2176.0,52.139695591,22788.0,cold-step0-step1-aff-mine,219.573082335,20612.0,1,36820.0,0.0,9.0,1.0,0.0,124960,124960,220693.0,,,0.0,0.0,0.0,0.0,enforce,0.85,0.0,0.0,5377,845,31010.0,10998.0,124336,124336,0,922,847,3409.0,1344044.0,True,1557.4912796020508,0,2296.0,1,1,,,2916,0,0.0,0,0,0,0,1841155.0,0.00020444122785691422,25.546975833,1e-06,624,0,0,0,0,0.07765938,138,False,False,231.58446828,224.0,,,,,,,mix,138,217302.0,3391.0,20,271.231336863,0.847184008627529,f5_mcorr_v283,newmine,/home/mdk/incremental-rule-discovery/exp2026_v7/sweeps/f5_mcorr_v283/d_dblp_union_adddom/a5d2/results.csv,2026-09-11T11:22:02
d,a5d2,1,noaux,0,197.774914879,271.231336863,141.39455658400001,0.444365695,0.0,66.686172095,25.510668634,9.376949397,10.48576,1,,0.316933728,,,,92057.0,,,1288807.0,26.038802366000002,batch-cold-round-0,1984.8749542236328,224.0,51.658248599,2176.0,52.139695591,22788.0,cold-step0-step1-aff-mine,219.573082335,20612.0,1,36820.0,0.0,9.0,1.0,0.0,124960,124960,220693.0,,,0.0,0.0,0.0,0.0,enforce,0.85,0.0,0.0,5377,845,31010.0,10998.0,124336,124336,0,922,847,3409.0,1344044.0,True,1729.2014541625977,0,2296.0,1,1,,,2916,0,0.0,0,0,0,0,1841155.0,0.00013656749639084505,17.065474349,1e-06,624,0,0,0,0,0.060582985,138,False,False,199.425734387,224.0,,,,,,,mix,138,217302.0,3391.0,20,271.231336863,0.7291742803999703,f5_mcorr_v283,newmine,/home/mdk/incremental-rule-discovery/exp2026_v7/sweeps/f5_mcorr_v283/d_dblp_union_adddom/a5d2/results.csv,2026-09-11T11:22:02
d,a5d2,1,nocs,0,121.609499739,271.231336863,141.39455658400001,0.394694207,36.498897961000004,0.0,23.963408364,7.049156091,10.48576,1,,0.303034991,,,,92057.0,,,1288807.0,26.038802366000002,batch-cold-round-0,1984.8749542236328,224.0,51.658248599,2176.0,52.139695591,22788.0,cold-step0-step1-aff-mine,219.573082335,20612.0,1,36820.0,0.0,9.0,1.0,0.0,0,0,23744.0,,,2168.0,0.0,7.0,1.0,enforce,0.85,180698.0,55843.0,5377,4027,31010.0,10998.0,87070,15055,72015,922,847,311.0,1344044.0,True,450.68521881103516,0,2296.0,1,1,,,147,0,2168.0,1,16,0.207202753,4360,1841155.0,4.752356720183486e-05,0.207202753,1e-06,0,1307,4360,1307,0,0.054757733,138,False,False,123.524427592,224.0,,,,,,,mix,138,23451.0,293.0,20,271.231336863,0.44836080205741646,f5_mcorr_v283,newmine,/home/mdk/incremental-rule-discovery/exp2026_v7/sweeps/f5_mcorr_v283/d_dblp_union_adddom/a5d2/results.csv,2026-09-11T11:22:02
d,a5d2,1,pincminer,0,71.235708218,271.231336863,141.39455658400001,0.36471418499999997,37.338783685,0.0,23.135403872,7.599457626,10.48576,1,,0.204405092,,,,92057.0,,,1288807.0,26.038802366000002,batch-cold-round-0,1984.8749542236328,224.0,51.658248599,2176.0,52.139695591,22788.0,cold-step0-step1-aff-mine,219.573082335,20612.0,1,36820.0,0.0,9.0,1.0,0.0,0,0,23744.0,2521.0,2521.0,2168.0,0.0,7.0,1.0,enforce,0.85,180698.0,55843.0,5377,4027,31010.0,10998.0,87070,15055,72015,922,847,315.0,1344044.0,True,453.07972717285156,0,2296.0,1,1,2521.0,2521.0,147,0,2168.0,1,16,0.053149017,4360,1841155.0,1.2190141513761467e-05,0.053149017,1e-06,0,257,4360,1326,1069,0.055913486,138,False,False,72.951784375,224.0,fine-tune,match,1272,224.0,e4469e83b0e154f2eb9d57d627e5d0c9ccb9aa0ef2a96612a768e96fbcddfde2,5c8907a3569e7363c20174025c9768c511fefcf73d0fb6f4b491b4d687df7630,mix,138,23438.0,306.0,20,271.231336863,0.2626381930712579,f5_mcorr_v283,newmine,/home/mdk/incremental-rule-discovery/exp2026_v7/sweeps/f5_mcorr_v283/d_dblp_union_adddom/a5d2/results.csv,2026-09-11T11:22:02
d,a5d2,1,staticcorr,0,66.89531452599999,271.231336863,141.39455658400001,0.374423171,54.273904305,0.0,0.0,6.903363083,10.48576,1,,0,,,,92057.0,,,1288807.0,26.038802366000002,batch-cold-round-0,1984.8749542236328,224.0,51.658248599,2176.0,52.139695591,22788.0,cold-step0-step1-aff-mine,219.573082335,20612.0,1,36820.0,0.0,9.0,1.0,0.0,0,0,27914.0,,,2168.0,0.0,0.0,0.0,enforce,0.85,180698.0,60676.0,5377,4027,31010.0,10998.0,87070,19888,67182,922,847,327.0,1344044.0,True,634.4248199462891,0,2296.0,1,1,,,147,0,2168.0,1,16,0.265060635,8530,1841155.0,3.107393141852286e-05,0.265060635,1e-06,0,440,8530,4978,4538,0.058170487,138,False,False,68.45929716,224.0,,,,,,,mix,138,27605.0,309.0,20,271.231336863,0.24663564062949359,f5_mcorr_v283,newmine,/home/mdk/incremental-rule-discovery/exp2026_v7/sweeps/f5_mcorr_v283/d_dblp_union_adddom/a5d2/results.csv,2026-09-11T11:22:02
d,a15d3,2,naive,0,246.383986099,272.650282635,131.735002122,0.890853868,0.0,82.925357533,39.257773716,10.650958640999999,10.48576,1,,3.286487173,,,,276174.0,,,1288807.0,40.936751808,batch-cold-round-0,2249.7513427734375,224.0,51.707917056,2175.0,48.270576500000004,22787.0,cold-step0-step1-aff-mine,220.942359879,20612.0,1,55232.0,0.0,16.0,1.0,0.0,124960,124960,220251.0,,,0.0,0.0,0.0,0.0,enforce,0.85,0.0,0.0,5377,845,31010.0,10998.0,124336,124336,0,1163,847,3423.0,1509749.0,True,1710.1778945922852,0,2296.0,1,1,,,2916,0,0.0,0,0,0,0,1841155.0,0.00019870979938380282,24.830776531,1e-06,624,0,0,0,0,0.187565624,138,False,False,248.077130582,224.0,,,,,,,mix,138,216860.0,3391.0,20,272.650282635,0.9036630504023244,f5_mcorr_v283,newmine,/home/mdk/incremental-rule-discovery/exp2026_v7/sweeps/f5_mcorr_v283/d_dblp_union_adddom/a15d3/results.csv,2026-09-11T11:22:02
d,a15d3,2,noaux,0,189.690259059,272.650282635,131.735002122,0.84979307,0.0,67.230106163,31.690699932999998,11.460380959,10.48576,1,,0.616676385,,,,276174.0,,,1288807.0,40.936751808,batch-cold-round-0,2249.7513427734375,224.0,51.707917056,2175.0,48.270576500000004,22787.0,cold-step0-step1-aff-mine,220.942359879,20612.0,1,55232.0,0.0,16.0,1.0,0.0,124960,124960,220251.0,,,0.0,0.0,0.0,0.0,enforce,0.85,0.0,0.0,5377,845,31010.0,10998.0,124336,124336,0,1163,847,3423.0,1509749.0,True,1502.256118774414,0,2296.0,1,1,,,2916,0,0.0,0,0,0,0,1841155.0,0.00012942514240556977,16.172965795,1e-06,624,0,0,0,0,0.12610378,138,False,False,191.154866123,224.0,,,,,,,mix,138,216860.0,3391.0,20,272.650282635,0.6957273516306619,f5_mcorr_v283,newmine,/home/mdk/incremental-rule-discovery/exp2026_v7/sweeps/f5_mcorr_v283/d_dblp_union_adddom/a15d3/results.csv,2026-09-11T11:22:02
d,a15d3,2,nocs,0,180.331005656,272.650282635,131.735002122,0.78696734,91.299525487,0.0,29.983040804999998,8.590603655,10.48576,1,,0.47497953,,,,276174.0,,,1288807.0,40.936751808,batch-cold-round-0,2249.7513427734375,224.0,51.707917056,2175.0,48.270576500000004,22787.0,cold-step0-step1-aff-mine,220.942359879,20612.0,1,55232.0,0.0,16.0,1.0,0.0,0,0,23744.0,,,2168.0,0.0,7.0,1.0,enforce,0.85,180698.0,55843.0,5377,4027,31010.0,10998.0,87070,15055,72015,1163,847,346.0,1509749.0,True,524.8252563476562,0,2296.0,1,1,,,147,0,2168.0,1,16,0.158844331,4360,1841155.0,3.643218600917431e-05,0.158844331,1e-06,0,1308,4360,1308,0,0.12062942,138,False,False,182.430630478,224.0,,,,,,,mix,138,23430.0,314.0,20,272.650282635,0.6614003987570083,f5_mcorr_v283,newmine,/home/mdk/incremental-rule-discovery/exp2026_v7/sweeps/f5_mcorr_v283/d_dblp_union_adddom/a15d3/results.csv,2026-09-11T11:22:02
d,a15d3,2,pincminer,0,110.178045809,228.467928112,110.759769452,0.7994750110000001,68.380628109,0.0,26.742319891999998,7.898469711000001,10.48576,1,,0.557443891,,,,276174.0,,,1288807.0,35.771500111,batch-cold-round-0,2249.7513427734375,224.0,41.142228138,2175.0,40.794397619,22747.0,cold-step0-step1-aff-mine,187.325695078,20572.0,1,55232.0,0.0,16.0,1.0,0.0,0,0,23262.0,2520.0,2520.0,2148.0,0.0,7.0,1.0,enforce,0.85,179656.0,54879.0,5377,4027,30954.0,10980.0,87070,15055,72015,1163,847,414.0,1509749.0,True,590.2204895019531,0,2295.0,1,1,2520.0,2520.0,147,0,2148.0,1,16,0.083662143,4360,1841155.0,1.918856490825688e-05,0.083662143,1e-06,0,313,4360,1382,1069,0.135457779,138,False,False,111.835742606,224.0,fine-tune,match,1272,224.0,e4469e83b0e154f2eb9d57d627e5d0c9ccb9aa0ef2a96612a768e96fbcddfde2,4c868484c75afe3262583e95fda51954a716d315bc9d184556c7e8b4e6412058,mix,138,22864.0,398.0,20,228.467928112,0.4822473189978258,f5_mcorr_v283,newmine,/home/mdk/incremental-rule-discovery/exp2026_v7/sweeps/f5_mcorr_v283/d_dblp_union_adddom/a15d3/results.csv,2026-09-11T11:22:02
d,a15d3,2,staticcorr,0,99.714343352,228.467928112,110.759769452,0.765133889,88.281974159,0.0,0.0,7.857072824,10.48576,1,,0,,,,276174.0,,,1288807.0,35.771500111,batch-cold-round-0,2249.7513427734375,224.0,41.142228138,2175.0,40.794397619,22747.0,cold-step0-step1-aff-mine,187.325695078,20572.0,1,55232.0,0.0,16.0,1.0,0.0,0,0,27432.0,,,2148.0,0.0,0.0,0.0,enforce,0.85,179656.0,59712.0,5377,4027,30954.0,10980.0,87070,19888,67182,1163,847,344.0,1509749.0,True,746.4580383300781,0,2295.0,1,1,,,147,0,2148.0,1,16,0.494082039,8530,1841155.0,5.792286506447831e-05,0.494082039,1e-06,0,444,8530,4982,4538,0.133026573,138,False,False,101.190872062,224.0,,,,,,,mix,138,27120.0,312.0,20,228.467928112,0.43644788209887314,f5_mcorr_v283,newmine,/home/mdk/incremental-rule-discovery/exp2026_v7/sweeps/f5_mcorr_v283/d_dblp_union_adddom/a15d3/results.csv,2026-09-11T11:22:02
d,a20d4,3,naive,0,261.214469704,252.331584974,121.082449184,1.349384262,0.0,79.123124314,44.679493457,8.563996728,10.48576,1,,4.022366729,,,,368231.0,,,1288807.0,44.329031130000004,batch-cold-round-0,1971.8280334472656,224.0,46.259241449,2139.0,40.660822296,22751.0,cold-step0-step1-aff-mine,206.072335874,20612.0,1,73643.0,0.0,9.0,1.0,0.0,124960,124960,220251.0,,,0.0,0.0,0.0,0.0,enforce,0.85,0.0,0.0,5377,845,31010.0,10998.0,124336,124336,0,1279,847,3409.0,1583395.0,True,1546.1322631835938,0,2296.0,1,1,,,2916,0,0.0,0,0,0,0,1841155.0,0.00016537435124039694,20.665178931,1e-06,624,0,0,0,0,0.16950728,138,False,False,263.000667561,224.0,,,,,,,mix,138,216860.0,3391.0,20,252.331584974,1.0352032217089084,f5_mcorr_v283,newmine,/home/mdk/incremental-rule-discovery/exp2026_v7/sweeps/f5_mcorr_v283/d_dblp_union_adddom/a20d4/results.csv,2026-09-11T11:22:02
d,a20d4,3,noaux,0,199.528614214,252.331584974,121.082449184,1.247915753,0.0,71.612130268,33.01723525,7.489554897,10.48576,1,,0.742619206,,,,368231.0,,,1288807.0,44.329031130000004,batch-cold-round-0,1971.8280334472656,224.0,46.259241449,2139.0,40.660822296,22751.0,cold-step0-step1-aff-mine,206.072335874,20612.0,1,73643.0,0.0,9.0,1.0,0.0,124960,124960,220251.0,,,0.0,0.0,0.0,0.0,enforce,0.85,0.0,0.0,5377,845,31010.0,10998.0,124336,124336,0,1279,847,3409.0,1583395.0,True,1472.2790832519531,0,2296.0,1,1,,,2916,0,0.0,0,0,0,0,1841155.0,0.00010234323570742637,12.788810734,1e-06,624,0,0,0,0,0.148447549,138,False,False,200.875336823,224.0,,,,,,,mix,138,216860.0,3391.0,20,252.331584974,0.7907397491858152,f5_mcorr_v283,newmine,/home/mdk/incremental-rule-discovery/exp2026_v7/sweeps/f5_mcorr_v283/d_dblp_union_adddom/a20d4/results.csv,2026-09-11T11:22:02
d,a20d4,3,nocs,0,166.30218056500001,252.331584974,121.082449184,1.306689018,93.184715097,0.0,32.157250469,7.533427788,10.48576,1,,0.801123905,,,,368231.0,,,1288807.0,44.329031130000004,batch-cold-round-0,1971.8280334472656,224.0,46.259241449,2139.0,40.660822296,22751.0,cold-step0-step1-aff-mine,206.072335874,20612.0,1,73643.0,0.0,9.0,1.0,0.0,0,0,23219.0,,,2168.0,0.0,8.0,1.0,enforce,0.85,180698.0,55223.0,5377,4027,31010.0,10998.0,87070,15055,72015,1279,847,346.0,1583395.0,True,759.2423858642578,0,2296.0,1,1,,,147,0,2168.0,1,16,0.171002037,4360,1841155.0,3.9220650688073397e-05,0.171002037,1e-06,0,1329,4360,1329,0,0.159172234,138,False,False,168.23898677699998,224.0,,,,,,,mix,138,22891.0,328.0,20,252.331584974,0.6590620852404808,f5_mcorr_v283,newmine,/home/mdk/incremental-rule-discovery/exp2026_v7/sweeps/f5_mcorr_v283/d_dblp_union_adddom/a20d4/results.csv,2026-09-11T11:22:02
d,a20d4,3,pincminer,0,172.317878737,285.558396312,137.6464483,1.215017185,110.527332595,0.0,35.209028371,14.279038557,10.48576,1,,0.894256748,,,,368231.0,,,1288807.0,47.498740131,batch-cold-round-0,1971.8280334472656,224.0,52.423559884999996,2139.0,47.989606042999995,22711.0,cold-step0-step1-aff-mine,233.134829502,20572.0,1,73643.0,0.0,9.0,1.0,0.0,0,0,22737.0,2520.0,2520.0,2148.0,0.0,8.0,1.0,enforce,0.85,179656.0,54259.0,5377,4027,30954.0,10980.0,87070,15055,72015,1279,847,400.0,1583395.0,True,574.9772720336914,0,2295.0,1,1,2520.0,2520.0,147,0,2148.0,1,16,0.103418661,4360,1841155.0,2.3719876376146787e-05,0.103418661,1e-06,0,322,4360,1391,1069,0.155778635,138,False,False,174.273592738,224.0,fine-tune,match,1272,224.0,e4469e83b0e154f2eb9d57d627e5d0c9ccb9aa0ef2a96612a768e96fbcddfde2,7831350ce4a0ef11cb2df95002fef3cef500b73186cfc7fb9c931cadd144f16e,mix,138,22346.0,391.0,20,285.558396312,0.6034418212263881,f5_mcorr_v283,newmine,/home/mdk/incremental-rule-discovery/exp2026_v7/sweeps/f5_mcorr_v283/d_dblp_union_adddom/a20d4/results.csv,2026-09-11T11:22:02
d,a20d4,3,staticcorr,0,151.908729969,285.558396312,137.6464483,1.209785018,131.724023048,0.0,0.0,13.310800997,10.48576,1,,0,,,,368231.0,,,1288807.0,47.498740131,batch-cold-round-0,1971.8280334472656,224.0,52.423559884999996,2139.0,47.989606042999995,22711.0,cold-step0-step1-aff-mine,233.134829502,20572.0,1,73643.0,0.0,9.0,1.0,0.0,0,0,27432.0,,,2148.0,0.0,0.0,0.0,enforce,0.85,179656.0,59712.0,5377,4027,30954.0,10980.0,87070,19888,67182,1279,847,304.0,1583395.0,True,863.6181945800781,0,2295.0,1,1,,,147,0,2148.0,1,16,0.5522348,8530,1841155.0,6.474030480656507e-05,0.5522348,1e-06,0,459,8530,4997,4538,0.181262635,138,False,False,153.94532928400002,224.0,,,,,,,mix,138,27146.0,286.0,20,285.558396312,0.5319708050294032,f5_mcorr_v283,newmine,/home/mdk/incremental-rule-discovery/exp2026_v7/sweeps/f5_mcorr_v283/d_dblp_union_adddom/a20d4/results.csv,2026-09-11T11:22:02
d,a30d5,4,naive,0,260.002205509,250.814413138,109.462744531,1.4656819269999999,0.0,77.697002372,56.93199699,11.099227159,10.48576,1,,8.674664298,,,,552348.0,,,1288807.0,52.835307115,batch-cold-round-0,2179.38028717041,226.0,47.900423631,2171.0,40.615896959000004,22783.0,cold-step0-step1-aff-mine,202.913973736,20612.0,1,92055.0,0.0,9.0,0.0,1.0,135642,135642,230933.0,,,0.0,0.0,0.0,0.0,enforce,0.85,0.0,0.0,5377,845,31010.0,10998.0,134978,134978,0,1561,847,3415.0,1749100.0,True,1758.0134506225586,0,2296.0,1,1,,,2918,0,0.0,0,0,0,0,1841155.0,0.00023022703483434334,31.228455459,1e-06,664,0,0,0,0,0.360391996,140,False,False,261.778246875,226.0,,,,,,,mix,140,227540.0,3393.0,20,250.814413138,1.036631835690977,f5_mcorr_v283,newmine,/home/mdk/incremental-rule-discovery/exp2026_v7/sweeps/f5_mcorr_v283/d_dblp_union_adddom/a30d5/results.csv,2026-09-11T11:22:02
d,a30d5,4,noaux,0,193.121232978,250.814413138,109.462744531,1.3801878349999999,0.0,67.957365864,39.659987321,13.867068942,10.48576,1,,2.072304577,,,,552348.0,,,1288807.0,52.835307115,batch-cold-round-0,2179.38028717041,226.0,47.900423631,2171.0,40.615896959000004,22783.0,cold-step0-step1-aff-mine,202.913973736,20612.0,1,92055.0,0.0,9.0,0.0,1.0,135642,135642,230933.0,,,0.0,0.0,0.0,0.0,enforce,0.85,0.0,0.0,5377,845,31010.0,10998.0,134978,134978,0,1561,847,3415.0,1749100.0,True,1824.7537994384766,0,2296.0,1,1,,,2918,0,0.0,0,0,0,0,1841155.0,0.0001611052818890904,21.852642646,1e-06,664,0,0,0,0,0.278200999,140,False,False,194.70074092599998,226.0,,,,,,,mix,140,227540.0,3393.0,20,250.814413138,0.7699766156251285,f5_mcorr_v283,newmine,/home/mdk/incremental-rule-discovery/exp2026_v7/sweeps/f5_mcorr_v283/d_dblp_union_adddom/a30d5/results.csv,2026-09-11T11:22:02
d,a30d5,4,nocs,0,223.396255732,250.814413138,109.462744531,1.29005206,135.67638570699998,0.0,38.109761153,9.26231464,10.48576,1,,1.631651597,,,,552348.0,,,1288807.0,52.835307115,batch-cold-round-0,2179.38028717041,226.0,47.900423631,2171.0,40.615896959000004,22783.0,cold-step0-step1-aff-mine,202.913973736,20612.0,1,92055.0,0.0,9.0,0.0,1.0,0,0,23830.0,,,2169.0,0.0,19.0,37.0,enforce,0.85,180778.0,55907.0,5377,4029,31010.0,10998.0,87150,15739,71411,1561,847,332.0,1749100.0,True,875.6398544311523,0,2296.0,1,1,,,149,0,2169.0,1,17,0.519458703,4971,1841155.0,0.000104497828002414,0.519458703,1e-06,0,1910,4971,1910,0,0.243871567,140,False,False,225.54827193,226.0,,,,,,,mix,140,23520.0,310.0,20,250.814413138,0.890683485598117,f5_mcorr_v283,newmine,/home/mdk/incremental-rule-discovery/exp2026_v7/sweeps/f5_mcorr_v283/d_dblp_union_adddom/a30d5/results.csv,2026-09-11T11:22:02
d,a30d5,4,pincminer,0,197.39627707900001,250.814413138,109.462744531,1.397893844,145.187022309,0.0,39.768853231,8.321024283,10.48576,1,,1.644339565,,,,552348.0,,,1288807.0,52.835307115,batch-cold-round-0,2179.38028717041,226.0,47.900423631,2171.0,40.615896959000004,22783.0,cold-step0-step1-aff-mine,202.913973736,20612.0,1,92055.0,0.0,9.0,0.0,1.0,0,0,23830.0,2521.0,2521.0,2169.0,0.0,19.0,37.0,enforce,0.85,180778.0,55907.0,5377,4029,31010.0,10998.0,87150,15739,71411,1561,847,347.0,1749100.0,True,400.37391662597656,0,2296.0,1,1,2521.0,2521.0,149,0,2169.0,1,17,0.234499051,4971,1841155.0,4.717341601287467e-05,0.234499051,1e-06,0,345,4971,1932,1587,0.24701458,140,False,False,199.285471662,226.0,fine-tune,match,1270,226.0,e4469e83b0e154f2eb9d57d627e5d0c9ccb9aa0ef2a96612a768e96fbcddfde2,b6c43ad3d8461ca80ff873a53438d600bca72536e485410ab2e3e5390f92066d,mix,140,23496.0,334.0,20,250.814413138,0.7870212664787772,f5_mcorr_v283,newmine,/home/mdk/incremental-rule-discovery/exp2026_v7/sweeps/f5_mcorr_v283/d_dblp_union_adddom/a30d5/results.csv,2026-09-11T11:22:02
d,a30d5,4,staticcorr,0,170.766909201,250.814413138,109.462744531,1.4684278179999999,161.76876544799998,0.0,0.0,8.190339474,10.48576,1,,0,,,,552348.0,,,1288807.0,52.835307115,batch-cold-round-0,2179.38028717041,226.0,47.900423631,2171.0,40.615896959000004,22783.0,cold-step0-step1-aff-mine,202.913973736,20612.0,1,92055.0,0.0,9.0,0.0,1.0,0,0,27923.0,,,2169.0,0.0,0.0,0.0,enforce,0.85,180778.0,60694.0,5377,4029,31010.0,10998.0,87150,19906,67244,1561,847,317.0,1749100.0,True,750.9856185913086,0,2296.0,1,1,,,149,0,2169.0,1,17,1.273101864,8539,1841155.0,0.00014909261787094508,1.273101864,1e-06,0,449,8539,4984,4535,0.243911583,140,False,False,172.45094731600003,226.0,,,,,,,mix,140,27628.0,295.0,20,250.814413138,0.6808496651547802,f5_mcorr_v283,newmine,/home/mdk/incremental-rule-discovery/exp2026_v7/sweeps/f5_mcorr_v283/d_dblp_union_adddom/a30d5/results.csv,2026-09-11T11:22:02
e,a1d1,0,naive,0,232.7906283,262.528147791,141.570421904,0.32368502099999996,0.0,83.77870519300001,20.773911842,9.328146158000001,10.48576,1,,0.903278066,,,,18410.0,,,1288807.0,17.727204662000002,batch-cold-round-0,2059.821823120117,226.0,48.397885809,2208.0,54.832598042,22820.0,cold-step0-step1-aff-mine,214.130255638,20612.0,1,18408.0,0.0,9.0,0.0,1.0,135642,135642,231375.0,,,0.0,0.0,0.0,0.0,enforce,0.85,0.0,0.0,5377,845,31010.0,10998.0,134978,134978,0,847,847,3406.0,1288809.0,True,1598.4270553588867,0,2296.0,1,1,,,2918,0,0.0,0,0,0,0,1841155.0,0.0002005774188378231,27.206722246,1e-06,664,0,0,0,0,0.022559232,140,False,False,234.729439485,226.0,,,,,,,mix,140,227982.0,3393.0,20,262.528147791,0.8867263577592671,f5_mcorr_v283,newmine,/home/mdk/incremental-rule-discovery/exp2026_v7/sweeps/f5_mcorr_v283/e_dblp_union/union_summary.csv,2026-09-11T11:22:02
e,a1d1,0,noaux,0,164.940389412,232.760527792,120.858161877,0.253222423,0.0,57.639697208,17.113235524,11.074274478,10.48576,1,,0.172770033,,,,18410.0,,,1288807.0,19.399232783000002,batch-cold-round-0,2228.395706176758,226.0,46.955257514,2208.0,45.547839436000004,22820.0,cold-step0-step1-aff-mine,185.805264053,20612.0,1,18408.0,0.0,21.0,0.0,1.0,124942,124942,220675.0,,,0.0,0.0,0.0,0.0,enforce,0.85,0.0,0.0,5377,845,31010.0,10998.0,124318,124318,0,847,847,3435.0,1288809.0,True,1197.197624206543,0,2296.0,1,1,,,2918,0,0.0,0,0,0,0,1841155.0,0.0001098505332474268,13.724945325,1e-06,624,0,0,0,0,0.029332075,139,False,False,166.705000081,226.0,,,,,,,mix,139,217282.0,3393.0,20,232.760527792,0.7086269780217822,f5_mcorr_v283,newmine,/home/mdk/incremental-rule-discovery/exp2026_v7/sweeps/f5_mcorr_v283/e_dblp_union/union_summary.csv,2026-09-11T11:22:02
e,a1d1,0,nocs,0,90.42346684399999,232.760527792,120.858161877,0.265316813,14.796042286999999,0.0,17.146482378,8.867175379999999,10.48576,1,,0.174834063,,,,18410.0,,,1288807.0,19.399232783000002,batch-cold-round-0,2228.395706176758,226.0,46.955257514,2208.0,45.547839436000004,22820.0,cold-step0-step1-aff-mine,185.805264053,20612.0,1,18408.0,0.0,21.0,0.0,1.0,0,0,24346.0,,,2168.0,0.0,18.0,37.0,enforce,0.85,180698.0,56509.0,5377,4027,31010.0,10998.0,87070,15721,71349,847,847,316.0,1288809.0,True,825.2092056274414,0,2296.0,1,1,,,149,0,2168.0,1,16,0.168548186,4962,1841155.0,3.396779242241032e-05,0.168548186,1e-06,0,1884,4962,1884,0,0.023778237,139,False,False,92.38957819699999,226.0,,,,,,,mix,139,24072.0,274.0,20,232.760527792,0.3884828226751763,f5_mcorr_v283,newmine,/home/mdk/incremental-rule-discovery/exp2026_v7/sweeps/f5_mcorr_v283/e_dblp_union/union_summary.csv,2026-09-11T11:22:02
e,a1d1,0,pincminer,0,39.91993489,232.760527792,120.858161877,0.259249404,10.276343659,0.0,17.209483362,8.528740475,10.48576,1,,0.172968643,,,,18410.0,,,1288807.0,19.399232783000002,batch-cold-round-0,2228.395706176758,226.0,46.955257514,2208.0,45.547839436000004,22820.0,cold-step0-step1-aff-mine,185.805264053,20612.0,1,18408.0,0.0,21.0,0.0,1.0,0,0,24346.0,2521.0,2521.0,2168.0,0.0,18.0,37.0,enforce,0.85,180698.0,56509.0,5377,4027,31010.0,10998.0,87070,15721,71349,847,847,424.0,1288809.0,True,508.1593933105469,0,2296.0,1,1,2521.0,2521.0,149,0,2168.0,1,16,0.048222939,4962,1841155.0,9.71844800483676e-06,0.048222939,1e-06,0,385,4962,1972,1587,0.025842601,139,False,False,41.915786918,226.0,fine-tune,match,1270,226.0,e4469e83b0e154f2eb9d57d627e5d0c9ccb9aa0ef2a96612a768e96fbcddfde2,fe26a1c7d8c9ae9795b539090bce82362d2d6bc19db42c9dde493aa8ebf6e6bf,mix,139,23943.0,403.0,20,232.760527792,0.17150646318207932,f5_mcorr_v283,newmine,/home/mdk/incremental-rule-discovery/exp2026_v7/sweeps/f5_mcorr_v283/e_dblp_union/union_summary.csv,2026-09-11T11:22:02
e,a1d1,0,staticcorr,0,37.696819792,262.528147791,141.570421904,0.22363868,24.517005827,0.0,0.0,7.581588858,10.48576,1,,0,,,,18410.0,,,1288807.0,17.727204662000002,batch-cold-round-0,2059.821823120117,226.0,48.397885809,2208.0,54.832598042,22820.0,cold-step0-step1-aff-mine,214.130255638,20612.0,1,18408.0,0.0,9.0,0.0,1.0,0,0,27923.0,,,2169.0,0.0,0.0,0.0,enforce,0.85,180778.0,60694.0,5377,4029,31010.0,10998.0,87150,19906,67244,847,847,321.0,1288809.0,True,658.1267395019531,0,2296.0,1,1,,,149,0,2169.0,1,17,0.239142412,8539,1841155.0,2.8005903735800446e-05,0.239142412,1e-06,0,456,8539,4991,4535,0.020128052,140,False,False,39.565595261,226.0,,,,,,,mix,140,27624.0,299.0,20,262.528147791,0.14359153526657503,f5_mcorr_v283,newmine,/home/mdk/incremental-rule-discovery/exp2026_v7/sweeps/f5_mcorr_v283/e_dblp_union/union_summary.csv,2026-09-11T11:22:02
e,a2d5,1,naive,0,245.097732466,237.937439824,126.149427358,0.641294338,0.0,74.145549584,30.402401463,8.557583936,10.48576,1,,1.606745566,,,,36822.0,,,1288807.0,22.058146732,batch-cold-round-0,2073.6576538085938,224.0,44.067265373,2210.0,45.662564825000004,22822.0,cold-step0-step1-aff-mine,193.870165044,20612.0,1,92055.0,0.0,10.0,2.0,1.0,124954,124954,220687.0,,,0.0,0.0,0.0,0.0,enforce,0.85,0.0,0.0,5377,845,31010.0,10998.0,124330,124330,0,776,847,3401.0,1233574.0,True,1238.0218658447266,0,2296.0,1,1,,,2917,0,0.0,0,0,0,0,1841155.0,0.00013298243444787684,16.616687114,1e-06,624,0,0,0,0,0.082790331,138,False,False,247.112065863,224.0,,,,,,,mix,138,217295.0,3392.0,20,237.937439824,1.0300931734295216,f5_mcorr_v283,newmine,/home/mdk/incremental-rule-discovery/exp2026_v7/sweeps/f5_mcorr_v283/e_dblp_union/union_summary.csv,2026-09-11T11:22:02
e,a2d5,1,noaux,0,141.077010209,196.419368719,97.884541986,0.449927723,0.0,49.871634417,20.678188871,10.359189498,10.48576,1,,0.272156587,,,,36822.0,,,1288807.0,25.007245992,batch-cold-round-0,2074.261650085449,224.0,36.484973808,2210.0,37.042554976,22822.0,cold-step0-step1-aff-mine,159.934384885,20612.0,1,92055.0,0.0,22.0,2.0,1.0,135654,135654,231387.0,,,0.0,0.0,0.0,0.0,enforce,0.85,0.0,0.0,5377,845,31010.0,10998.0,134990,134990,0,776,847,3436.0,1233574.0,True,1225.175277709961,0,2296.0,1,1,,,2917,0,0.0,0,0,0,0,1841155.0,8.181625607059136e-05,11.098702401,1e-06,664,0,0,0,0,0.059998769,139,False,False,142.347553962,224.0,,,,,,,mix,139,227995.0,3392.0,20,196.419368719,0.7182438836305728,f5_mcorr_v283,newmine,/home/mdk/incremental-rule-discovery/exp2026_v7/sweeps/f5_mcorr_v283/e_dblp_union/union_summary.csv,2026-09-11T11:22:02
e,a2d5,1,nocs,0,94.20489110599999,196.419368719,97.884541986,0.364345258,30.689726505,0.0,19.486890947,7.086894835,10.48576,1,,0.272163049,,,,36822.0,,,1288807.0,25.007245992,batch-cold-round-0,2074.261650085449,224.0,36.484973808,2210.0,37.042554976,22822.0,cold-step0-step1-aff-mine,159.934384885,20612.0,1,92055.0,0.0,22.0,2.0,1.0,0,0,24316.0,,,2169.0,0.0,24.0,69.0,enforce,0.85,180778.0,56515.0,5377,4029,31010.0,10998.0,87150,15727,71423,776,847,371.0,1233574.0,True,686.0804595947266,0,2296.0,1,1,,,148,0,2169.0,1,17,0.187335176,4932,1841155.0,3.798361232765612e-05,0.187335176,1e-06,0,1860,4932,1860,0,0.063466186,139,False,False,95.830602693,224.0,,,,,,,mix,139,23991.0,325.0,20,196.419368719,0.47961100639097703,f5_mcorr_v283,newmine,/home/mdk/incremental-rule-discovery/exp2026_v7/sweeps/f5_mcorr_v283/e_dblp_union/union_summary.csv,2026-09-11T11:22:02
e,a2d5,1,pincminer,0,59.372800346,196.419368719,97.884541986,0.440778863,27.451373287,0.0,20.085520462999998,8.271612821,10.48576,1,,0.262250977,,,,36822.0,,,1288807.0,25.007245992,batch-cold-round-0,2074.261650085449,224.0,36.484973808,2210.0,37.042554976,22822.0,cold-step0-step1-aff-mine,159.934384885,20612.0,1,92055.0,0.0,22.0,2.0,1.0,0,0,24316.0,2521.0,2521.0,2169.0,0.0,24.0,69.0,enforce,0.85,180778.0,56515.0,5377,4029,31010.0,10998.0,87150,15727,71423,776,847,444.0,1233574.0,True,493.2038269042969,0,2296.0,1,1,2521.0,2521.0,148,0,2169.0,1,17,0.086893803,4932,1841155.0,1.7618370437956205e-05,0.086893803,1e-06,0,393,4932,1963,1570,0.053423353,139,False,False,60.910129095,224.0,fine-tune,match,1234,225.0,e4469e83b0e154f2eb9d57d627e5d0c9ccb9aa0ef2a96612a768e96fbcddfde2,e105e12c4758b9eb0ac12e7eb0ce3c87b23e20a2eb6bdfc65bfc16375f9ea3c5,mix,139,23897.0,419.0,20,196.419368719,0.3022756906979956,f5_mcorr_v283,newmine,/home/mdk/incremental-rule-discovery/exp2026_v7/sweeps/f5_mcorr_v283/e_dblp_union/union_summary.csv,2026-09-11T11:22:02
e,a2d5,1,staticcorr,0,71.341100344,237.937439824,126.149427358,0.52546546,59.381536646,0.0,0.0,6.901787724,10.48576,1,,0,,,,36822.0,,,1288807.0,22.058146732,batch-cold-round-0,2073.6576538085938,224.0,44.067265373,2210.0,45.662564825000004,22822.0,cold-step0-step1-aff-mine,193.870165044,20612.0,1,92055.0,0.0,10.0,2.0,1.0,0,0,27914.0,,,2168.0,0.0,0.0,0.0,enforce,0.85,180698.0,60676.0,5377,4027,31010.0,10998.0,87070,19888,67182,776,847,323.0,1233574.0,True,579.6723175048828,0,2296.0,1,1,,,148,0,2168.0,1,16,0.174770218,8530,1841155.0,2.048888839390387e-05,0.174770218,1e-06,0,440,8530,4975,4535,0.05486072,138,False,False,73.381749993,224.0,,,,,,,mix,138,27609.0,305.0,20,237.937439824,0.2998313354836898,f5_mcorr_v283,newmine,/home/mdk/incremental-rule-discovery/exp2026_v7/sweeps/f5_mcorr_v283/e_dblp_union/union_summary.csv,2026-09-11T11:22:02
e,a3d15,2,naive,0,197.016808658,253.48984506,125.717854583,0.8639773940000001,0.0,60.54913025,40.723236105,7.700332753,10.48576,1,,4.787610177,,,,55234.0,,,1288807.0,33.164930304,batch-cold-round-0,2792.0712356567383,225.0,45.031443639,2209.0,49.575574032,22821.0,cold-step0-step1-aff-mine,208.458395636,20612.0,1,276170.0,0.0,9.0,2.0,1.0,124954,124954,220245.0,,,0.0,0.0,0.0,0.0,enforce,0.85,0.0,0.0,5377,845,31010.0,10998.0,124330,124330,0,582,847,3401.0,1067871.0,True,1313.29150390625,0,2296.0,1,1,,,2917,0,0.0,0,0,0,0,1841155.0,0.00016408832917713719,20.503493084,1e-06,624,0,0,0,0,0.177840667,138,False,False,198.784546884,224.0,,,,,,,mix,138,216853.0,3392.0,20,253.48984506,0.7772177564405665,f5_mcorr_v283,newmine,/home/mdk/incremental-rule-discovery/exp2026_v7/sweeps/f5_mcorr_v283/e_dblp_union/union_summary.csv,2026-09-11T11:22:02
e,a3d15,2,noaux,0,157.250729944,231.666422501,119.706964559,1.068844062,0.0,47.030189031,31.04220797,8.290170331,10.48576,1,,0.988010025,,,,55234.0,,,1288807.0,36.270409734,batch-cold-round-0,2281.4980850219727,224.0,34.824750978,2209.0,40.864263064,22821.0,cold-step0-step1-aff-mine,196.841665759,20612.0,1,276170.0,0.0,10.0,2.0,1.0,135654,135654,230945.0,,,0.0,0.0,0.0,0.0,enforce,0.85,0.0,0.0,5377,845,31010.0,10998.0,134990,134990,0,582,847,3414.0,1067871.0,True,1166.4254913330078,0,2296.0,1,1,,,2917,0,0.0,0,0,0,0,1841155.0,7.41352230380232e-05,10.056739546,1e-06,664,0,0,0,0,0.12825827,139,False,False,158.80438480200002,224.0,,,,,,,mix,139,227553.0,3392.0,20,231.666422501,0.6787808446574567,f5_mcorr_v283,newmine,/home/mdk/incremental-rule-discovery/exp2026_v7/sweeps/f5_mcorr_v283/e_dblp_union/union_summary.csv,2026-09-11T11:22:02
e,a3d15,2,nocs,0,123.87991106700001,231.666422501,119.706964559,1.053953763,59.164882268999996,0.0,28.335686865,7.410499068,10.48576,1,,1.119074307,,,,55234.0,,,1288807.0,36.270409734,batch-cold-round-0,2281.4980850219727,224.0,34.824750978,2209.0,40.864263064,22821.0,cold-step0-step1-aff-mine,196.841665759,20612.0,1,276170.0,0.0,10.0,2.0,1.0,0,0,24316.0,,,2169.0,0.0,24.0,69.0,enforce,0.85,180778.0,56515.0,5377,4029,31010.0,10998.0,87150,15727,71423,582,847,318.0,1067871.0,True,628.3714828491211,0,2296.0,1,1,,,148,0,2169.0,1,17,0.298343249,4932,1841155.0,6.0491331914030813e-05,0.298343249,1e-06,0,1870,4932,1870,0,0.113611012,139,False,False,125.830301703,224.0,,,,,,,mix,139,24020.0,296.0,20,231.666422501,0.5347339926504251,f5_mcorr_v283,newmine,/home/mdk/incremental-rule-discovery/exp2026_v7/sweeps/f5_mcorr_v283/e_dblp_union/union_summary.csv,2026-09-11T11:22:02
e,a3d15,2,pincminer,0,105.456080398,231.666422501,119.706964559,0.926072556,64.836084165,0.0,29.05643557,7.105413057,10.48576,1,,0.895561521,,,,55234.0,,,1288807.0,36.270409734,batch-cold-round-0,2281.4980850219727,224.0,34.824750978,2209.0,40.864263064,22821.0,cold-step0-step1-aff-mine,196.841665759,20612.0,1,276170.0,0.0,10.0,2.0,1.0,0,0,24316.0,2521.0,2521.0,2169.0,0.0,24.0,69.0,enforce,0.85,180778.0,56515.0,5377,4029,31010.0,10998.0,87150,15727,71423,582,847,368.0,1067871.0,True,579.0337677001953,0,2296.0,1,1,2521.0,2521.0,148,0,2169.0,1,17,0.090719014,4932,1841155.0,1.8393960665044606e-05,0.090719014,1e-06,0,334,4932,1904,1570,0.105627839,139,False,False,107.409883994,224.0,fine-tune,match,1234,225.0,e4469e83b0e154f2eb9d57d627e5d0c9ccb9aa0ef2a96612a768e96fbcddfde2,0abbaafc4c01af5b733ac228209ba1040b2fde86c382a3af91f90908b9deddd3,mix,139,23961.0,355.0,20,231.666422501,0.4552065822035336,f5_mcorr_v283,newmine,/home/mdk/incremental-rule-discovery/exp2026_v7/sweeps/f5_mcorr_v283/e_dblp_union/union_summary.csv,2026-09-11T11:22:02
e,a3d15,2,staticcorr,0,114.31332244800001,253.48984506,125.717854583,0.8572148079999999,103.258291562,0.0,0.0,6.89769593,10.48576,1,,0,,,,55234.0,,,1288807.0,33.164930304,batch-cold-round-0,2792.0712356567383,225.0,45.031443639,2209.0,49.575574032,22821.0,cold-step0-step1-aff-mine,208.458395636,20612.0,1,276170.0,0.0,9.0,2.0,1.0,0,0,27914.0,,,2168.0,0.0,0.0,0.0,enforce,0.85,180698.0,60676.0,5377,4027,31010.0,10998.0,87070,19888,67182,582,847,305.0,1067871.0,True,806.0797805786133,0,2296.0,1,1,,,148,0,2168.0,1,16,0.552153805,8530,1841155.0,6.473080949589684e-05,0.552153805,1e-06,0,481,8530,4983,4502,0.126412173,138,False,False,116.129629938,224.0,,,,,,,mix,138,27627.0,287.0,20,253.48984506,0.4509581929048973,f5_mcorr_v283,newmine,/home/mdk/incremental-rule-discovery/exp2026_v7/sweeps/f5_mcorr_v283/e_dblp_union/union_summary.csv,2026-09-11T11:22:02
e,a4d20,3,naive,0,193.939428013,228.272038048,104.919118703,1.0553431,0.0,52.722720054,52.010631667,7.2504315770000005,10.48576,1,,5.694281731,,,,73645.0,,,1288807.0,39.086122878000005,batch-cold-round-0,2009.581398010254,224.0,39.425936383,2209.0,44.840827301000004,22821.0,cold-step0-step1-aff-mine,188.84609706999998,20612.0,1,368229.0,0.0,10.0,2.0,1.0,135654,135654,230945.0,,,0.0,0.0,0.0,0.0,enforce,0.85,0.0,0.0,5377,845,31010.0,10998.0,134990,134990,0,504,847,3405.0,994223.0,True,1048.0008850097656,0,2296.0,1,1,,,2917,0,0.0,0,0,0,0,1841155.0,9.368395828357438e-05,12.708603677,1e-06,664,0,0,0,0,0.176241022,139,False,False,195.717438343,224.0,,,,,,,mix,139,227553.0,3392.0,20,228.272038048,0.8495978292891891,f5_mcorr_v283,newmine,/home/mdk/incremental-rule-discovery/exp2026_v7/sweeps/f5_mcorr_v283/e_dblp_union/union_summary.csv,2026-09-11T11:22:02
e,a4d20,3,noaux,0,162.076197866,255.341173688,125.75954041,1.1807796560000001,0.0,45.281209589999996,35.333366870999996,9.444531805,10.48576,1,,1.551431096,,,,73645.0,,,1288807.0,48.410821309,batch-cold-round-0,2320.412956237793,225.0,37.969789489,2209.0,43.200990047,22821.0,cold-step0-step1-aff-mine,217.371378348,20612.0,1,368229.0,0.0,9.0,2.0,1.0,124954,124954,220245.0,,,0.0,0.0,0.0,0.0,enforce,0.85,0.0,0.0,5377,845,31010.0,10998.0,124330,124330,0,504,847,3410.0,994223.0,True,1401.571632385254,0,2296.0,1,1,,,2917,0,0.0,0,0,0,0,1841155.0,9.82534166573299e-05,12.277157425,1e-06,624,0,0,0,0,0.225182579,138,False,False,163.527906677,224.0,,,,,,,mix,138,216853.0,3392.0,20,255.341173688,0.634743686359177,f5_mcorr_v283,newmine,/home/mdk/incremental-rule-discovery/exp2026_v7/sweeps/f5_mcorr_v283/e_dblp_union/union_summary.csv,2026-09-11T11:22:02
e,a4d20,3,nocs,0,145.776791743,255.341173688,125.75954041,1.208464733,77.332982116,0.0,34.849553414,6.942041381,10.48576,1,,1.743770198,,,,73645.0,,,1288807.0,48.410821309,batch-cold-round-0,2320.412956237793,225.0,37.969789489,2209.0,43.200990047,22821.0,cold-step0-step1-aff-mine,217.371378348,20612.0,1,368229.0,0.0,9.0,2.0,1.0,0,0,24309.0,,,2168.0,0.0,24.0,69.0,enforce,0.85,180698.0,56499.0,5377,4027,31010.0,10998.0,87070,15711,71359,504,847,312.0,994223.0,True,1035.7160110473633,0,2296.0,1,1,,,148,0,2168.0,1,16,0.535316306,4925,1841155.0,0.00010869366619289341,0.535316306,1e-06,0,1851,4925,1851,0,0.174068484,138,False,False,147.697720291,224.0,,,,,,,mix,138,24015.0,294.0,20,255.341173688,0.570909852247816,f5_mcorr_v283,newmine,/home/mdk/incremental-rule-discovery/exp2026_v7/sweeps/f5_mcorr_v283/e_dblp_union/union_summary.csv,2026-09-11T11:22:02
e,a4d20,3,pincminer,0,133.450023185,255.341173688,125.75954041,1.2002279930000002,89.851014855,0.0,33.625245992,5.843218723,10.48576,1,,1.782734404,,,,73645.0,,,1288807.0,48.410821309,batch-cold-round-0,2320.412956237793,225.0,37.969789489,2209.0,43.200990047,22821.0,cold-step0-step1-aff-mine,217.371378348,20612.0,1,368229.0,0.0,9.0,2.0,1.0,0,0,24309.0,2521.0,2521.0,2168.0,0.0,24.0,69.0,enforce,0.85,180698.0,56499.0,5377,4027,31010.0,10998.0,87070,15711,71359,504,847,276.0,994223.0,True,416.59656524658203,0,2296.0,1,1,2521.0,2521.0,148,0,2168.0,1,16,0.214246627,4925,1841155.0,4.350185319796954e-05,0.214246627,1e-06,0,290,4925,1824,1534,0.208756551,138,False,False,135.47663810400002,224.0,fine-tune,match,1234,225.0,e4469e83b0e154f2eb9d57d627e5d0c9ccb9aa0ef2a96612a768e96fbcddfde2,eb3cd598c3f80b05c7195df9b281663684493b8d209692115051d5a71a0e44a9,mix,138,24042.0,267.0,20,255.341173688,0.5226341731634,f5_mcorr_v283,newmine,/home/mdk/incremental-rule-discovery/exp2026_v7/sweeps/f5_mcorr_v283/e_dblp_union/union_summary.csv,2026-09-11T11:22:02
e,a4d20,3,staticcorr,0,143.75216215700001,228.272038048,104.919118703,1.1086535770000001,132.887052624,0.0,0.0,5.97206901,10.48576,1,,0,,,,73645.0,,,1288807.0,39.086122878000005,batch-cold-round-0,2009.581398010254,224.0,39.425936383,2209.0,44.840827301000004,22821.0,cold-step0-step1-aff-mine,188.84609706999998,20612.0,1,368229.0,0.0,10.0,2.0,1.0,0,0,27923.0,,,2169.0,0.0,0.0,0.0,enforce,0.85,180778.0,60694.0,5377,4029,31010.0,10998.0,87150,19906,67244,504,847,320.0,994223.0,True,694.658203125,0,2296.0,1,1,,,148,0,2169.0,1,17,0.613173099,8539,1841155.0,7.180853718233986e-05,0.613173099,1e-06,0,515,8539,4981,4466,0.169009118,139,False,False,145.52062031100002,224.0,,,,,,,mix,139,27625.0,298.0,20,228.272038048,0.6297405647500832,f5_mcorr_v283,newmine,/home/mdk/incremental-rule-discovery/exp2026_v7/sweeps/f5_mcorr_v283/e_dblp_union/union_summary.csv,2026-09-11T11:22:02
e,a5d30,4,naive,0,215.109404253,288.845802641,141.806055515,1.741914738,0.0,53.220931854,71.034622035,7.523915214,10.48576,1,,14.412361486,,,,92057.0,,,1288807.0,56.208022228,batch-cold-round-0,2228.2679595947266,224.0,37.83258364,2206.0,52.999099382000004,22818.0,cold-step0-step1-aff-mine,251.013213992,20612.0,1,552344.0,0.0,13.0,2.0,0.0,124972,124972,220167.0,,,0.0,0.0,0.0,0.0,enforce,0.85,0.0,0.0,5377,845,31010.0,10998.0,124348,124348,0,350,847,3404.0,828520.0,True,1370.1320343017578,0,2296.0,1,1,,,2915,0,0.0,0,0,0,0,1841155.0,0.00015646695427775823,19.55398821,1e-06,624,0,0,0,0,0.360277753,137,False,False,217.10844054,223.0,,,,,,,mix,137,216777.0,3390.0,20,288.845802641,0.7447205473861592,f5_mcorr_v283,newmine,/home/mdk/incremental-rule-discovery/exp2026_v7/sweeps/f5_mcorr_v283/e_dblp_union/union_summary.csv,2026-09-11T11:22:02
e,a5d30,4,noaux,0,159.660132736,281.634577642,135.081639081,1.649750609,0.0,36.323615025,48.986543395,8.56551147,10.48576,1,,3.534347142,,,,92057.0,,,1288807.0,60.521960189,batch-cold-round-0,2060.3707580566406,223.0,38.328676844,2206.0,47.702247514999996,22818.0,cold-step0-step1-aff-mine,243.305894633,20612.0,1,552344.0,0.0,9.0,2.0,0.0,124972,124972,220167.0,,,0.0,0.0,0.0,0.0,enforce,0.85,0.0,0.0,5377,845,31010.0,10998.0,124348,124348,0,350,847,3408.0,828520.0,True,945.5749588012695,0,2296.0,1,1,,,2915,0,0.0,0,0,0,0,1841155.0,4.898867860800819e-05,6.122213143,1e-06,624,0,0,0,0,0.216022324,137,False,False,161.48174931900002,223.0,,,,,,,mix,137,216777.0,3390.0,20,281.634577642,0.5669052929251894,f5_mcorr_v283,newmine,/home/mdk/incremental-rule-discovery/exp2026_v7/sweeps/f5_mcorr_v283/e_dblp_union/union_summary.csv,2026-09-11T11:22:02
e,a5d30,4,nocs,0,239.84292299799998,281.634577642,135.081639081,1.649237917,152.735647548,0.0,46.165425543,6.546037774,10.48576,1,,3.697352677,,,,92057.0,,,1288807.0,60.521960189,batch-cold-round-0,2060.3707580566406,223.0,38.328676844,2206.0,47.702247514999996,22818.0,cold-step0-step1-aff-mine,243.305894633,20612.0,1,552344.0,0.0,9.0,2.0,0.0,0,0,24362.0,,,2168.0,0.0,28.0,39.0,enforce,0.85,180698.0,56570.0,5377,4027,31010.0,10998.0,87070,15782,71288,350,847,290.0,828520.0,True,482.1601791381836,0,2296.0,1,1,,,146,0,2168.0,1,16,0.301265905,4978,1841155.0,6.051946665327441e-05,0.301265905,1e-06,0,1861,4978,1861,0,0.228157833,137,False,False,241.911287688,223.0,,,,,,,mix,137,24090.0,272.0,20,281.634577642,0.8516103562499221,f5_mcorr_v283,newmine,/home/mdk/incremental-rule-discovery/exp2026_v7/sweeps/f5_mcorr_v283/e_dblp_union/union_summary.csv,2026-09-11T11:22:02
e,a5d30,4,pincminer,0,213.858484404,281.634577642,135.081639081,1.42383397,154.693601207,0.0,46.93981787,5.48281135,10.48576,1,,3.748999018,,,,92057.0,,,1288807.0,60.521960189,batch-cold-round-0,2060.3707580566406,223.0,38.328676844,2206.0,47.702247514999996,22818.0,cold-step0-step1-aff-mine,243.305894633,20612.0,1,552344.0,0.0,9.0,2.0,0.0,0,0,24362.0,2521.0,2521.0,2168.0,0.0,28.0,39.0,enforce,0.85,180698.0,56570.0,5377,4027,31010.0,10998.0,87070,15782,71288,350,847,345.0,828520.0,True,512.9732284545898,0,2296.0,1,1,2521.0,2521.0,146,0,2168.0,1,16,0.112861658,4978,1841155.0,2.2672088790678988e-05,0.112861658,1e-06,0,395,4978,1911,1516,0.208453751,137,False,False,215.94706956500002,223.0,fine-tune,match,1236,223.0,e4469e83b0e154f2eb9d57d627e5d0c9ccb9aa0ef2a96612a768e96fbcddfde2,d82c82f307c7b28582257e1195ec0300b44ecbb22903f3971bbf046b8919a53f,mix,137,24026.0,336.0,20,281.634577642,0.7593474004312296,f5_mcorr_v283,newmine,/home/mdk/incremental-rule-discovery/exp2026_v7/sweeps/f5_mcorr_v283/e_dblp_union/union_summary.csv,2026-09-11T11:22:02
e,a5d30,4,staticcorr,0,173.519643192,288.845802641,141.806055515,1.621178615,166.026921705,0.0,0.0,5.838160536,10.48576,1,,0,,,,92057.0,,,1288807.0,56.208022228,batch-cold-round-0,2228.2679595947266,224.0,37.83258364,2206.0,52.999099382000004,22818.0,cold-step0-step1-aff-mine,251.013213992,20612.0,1,552344.0,0.0,13.0,2.0,0.0,0,0,27914.0,,,2168.0,0.0,0.0,0.0,enforce,0.85,180698.0,60676.0,5377,4027,31010.0,10998.0,87070,19888,67182,350,847,304.0,828520.0,True,666.7626953125,0,2296.0,1,1,,,146,0,2168.0,1,16,0.972646647,8530,1841155.0,0.00011402657057444314,0.972646647,1e-06,0,501,8530,4962,4461,0.254021599,137,False,False,175.28355661,223.0,,,,,,,mix,137,27638.0,276.0,20,288.845802641,0.6007345151131163,f5_mcorr_v283,newmine,/home/mdk/incremental-rule-discovery/exp2026_v7/sweeps/f5_mcorr_v283/e_dblp_union/union_summary.csv,2026-09-11T11:22:02
f,add1,1,naive,0,209.656491482,233.775345106,133.482817523,2.090039412,0.0,186.656946051,1.483520275,24.34880379,10.48576,1,,0.001997613,,,,18412.0,,,1288807.0,2.083536375,batch-cold-round-0,2068.169822692871,227.0,48.93989822,2208.0,49.269052555,22820.0,cold-step0-step1-aff-mine,184.835439295,20612.0,1,0.0,0.0,12.0,0.0,1.0,135642,135642,231375.0,,,0.0,0.0,0.0,0.0,enforce,0.85,0.0,0.0,5377,845,31010.0,10998.0,134978,134978,0,872,847,3410.0,1307219.0,True,1388.5954971313477,0,2296.0,1,1,,,2918,0,0.0,0,0,0,0,1841155.0,0.00013404611619557364,18.182283293,1e-06,664,0,0,0,0,0.105270211,141,False,False,211.614309826,226.0,,,,,,,add,141,227982.0,3393.0,20,233.775345106,0.8968289251671776,f5_mcorr_v283,newmine,/home/mdk/incremental-rule-discovery/exp2026_v7/sweeps/f5_mcorr_v283/f_dblp_add/add1/results.csv,2026-09-11T11:22:02
f,add1,1,noaux,0,104.880807539,178.22060536,102.025645927,1.316896847,0.0,86.030943684,1.251155321,22.025174133,10.48576,1,,0.002308218,,,,18412.0,,,1288807.0,1.794291845,batch-cold-round-0,2083.6708908081055,227.0,38.297391865,2208.0,36.103241664,22820.0,cold-step0-step1-aff-mine,139.923206196,20612.0,1,0.0,0.0,8.0,0.0,1.0,124942,124942,220675.0,,,0.0,0.0,0.0,0.0,enforce,0.85,0.0,0.0,5377,845,31010.0,10998.0,124318,124318,0,872,847,3411.0,1307219.0,True,1220.0569458007812,0,2296.0,1,1,,,2918,0,0.0,0,0,0,0,1841155.0,8.675732663956075e-05,10.839633905,1e-06,624,0,0,0,0,0.068526489,140,False,False,106.273757755,226.0,,,,,,,add,140,217282.0,3393.0,20,178.22060536,0.5884886729407303,f5_mcorr_v283,newmine,/home/mdk/incremental-rule-discovery/exp2026_v7/sweeps/f5_mcorr_v283/f_dblp_add/add1/results.csv,2026-09-11T11:22:02
f,add1,1,nocs,0,94.23476651,178.22060536,102.025645927,1.307247861,0.958632384,0.532088085,0.507702839,10.333680133,10.48576,1,,0.006327814,,,,18412.0,,,1288807.0,1.794291845,batch-cold-round-0,2083.6708908081055,227.0,38.297391865,2208.0,36.103241664,22820.0,cold-step0-step1-aff-mine,139.923206196,20612.0,1,0.0,0.0,8.0,0.0,1.0,4834,6769,29847.0,,,2168.0,0.0,18.0,37.0,enforce,0.85,632202.0,399988.0,5377,6561,31010.0,10998.0,117781,21944,95837,872,847,286.0,1307219.0,True,1287.7611770629883,0,2296.0,1,1,,,149,0,2168.0,1,16,0.342175533,4962,1841155.0,0.0002880131418764302,0.629308715,1e-06,0,1909,4962,1909,0,0.066429425,140,False,False,95.872956166,226.0,,,,,,,add,140,60137.0,268.0,20,178.22060536,0.5287534868353114,f5_mcorr_v283,newmine,/home/mdk/incremental-rule-discovery/exp2026_v7/sweeps/f5_mcorr_v283/f_dblp_add/add1/results.csv,2026-09-11T11:22:02
f,add1,1,pincminer,0,12.068620731000001,178.22060536,102.025645927,1.219333199,0.6012198,0.846385052,0.555132468,9.56575281,10.48576,1,,0.002255615,,,,18412.0,,,1288807.0,1.794291845,batch-cold-round-0,2083.6708908081055,227.0,38.297391865,2208.0,36.103241664,22820.0,cold-step0-step1-aff-mine,139.923206196,20612.0,1,0.0,0.0,8.0,0.0,1.0,1359,1804,2049.0,2521.0,2521.0,2168.0,0.0,18.0,37.0,enforce,0.85,212446.0,66758.0,5377,4865,31010.0,10998.0,100966,16979,83987,872,847,300.0,1307219.0,True,420.5737838745117,0,2296.0,1,1,2521.0,2521.0,149,0,2168.0,1,16,0.128972736,4962,1841155.0,0.0003729417680652681,0.319984037,1e-06,0,330,4962,1917,1587,0.058973434,140,False,False,13.77715995,226.0,fine-tune,match,1270,226.0,e4469e83b0e154f2eb9d57d627e5d0c9ccb9aa0ef2a96612a768e96fbcddfde2,6f4983a714b0bbb49ed5f9c01213d55abada02e9ef979650f942b88cf9426b20,add,140,26705.0,291.0,20,178.22060536,0.06771731420517715,f5_mcorr_v283,newmine,/home/mdk/incremental-rule-discovery/exp2026_v7/sweeps/f5_mcorr_v283/f_dblp_add/add1/results.csv,2026-09-11T11:22:02
f,add1,1,staticcorr,0,13.427609626,233.775345106,133.482817523,1.713103427,1.2387711099999998,1.0690028999999999,0.0,10.070411784,10.48576,1,,0,,,,18412.0,,,1288807.0,2.083536375,batch-cold-round-0,2068.169822692871,227.0,48.93989822,2208.0,49.269052555,22820.0,cold-step0-step1-aff-mine,184.835439295,20612.0,1,0.0,0.0,12.0,0.0,1.0,2554,6776,2849.0,,,2169.0,0.0,0.0,0.0,enforce,0.85,224960.0,75915.0,5377,5631,31010.0,10998.0,113480,26136,87344,872,847,308.0,1307219.0,True,919.6583633422852,0,2296.0,1,1,,,149,0,2169.0,1,17,0.721935936,8539,1841155.0,0.0006643926164053075,1.101562958,1e-06,0,436,8539,4971,4535,0.062401815,141,False,False,15.433508414,226.0,,,,,,,add,141,31490.0,278.0,20,233.775345106,0.05743809134325761,f5_mcorr_v283,newmine,/home/mdk/incremental-rule-discovery/exp2026_v7/sweeps/f5_mcorr_v283/f_dblp_add/add1/results.csv,2026-09-11T11:22:02
f,add5,5,naive,0,206.863828984,230.260413343,124.739827245,5.004573628,0.0,182.179891647,1.5622638979999999,16.412404137,10.48576,1,,0.002745291,,,,92059.0,,,1288806.0,3.870007715,batch-cold-round-0,2233.9133911132812,226.0,49.786373345,2565.0,51.864172554999996,23203.0,cold-step0-step1-aff-mine,180.474035754,20638.0,1,0.0,0.0,9.0,0.0,0.0,124942,124942,220675.0,,,0.0,0.0,0.0,0.0,enforce,0.85,0.0,0.0,5377,862,31243.0,11130.0,124318,124318,0,973,847,3402.0,1380865.0,True,1549.6401977539062,0,2321.0,1,1,,,2918,0,0.0,0,0,0,0,1841155.0,0.00020246610011045126,25.29651948,1e-06,624,0,0,0,0,0.418120596,140,False,False,208.634878891,226.0,,,,,,,add,140,217282.0,3393.0,20,230.260413343,0.8983907653976629,f5_mcorr_v283,newmine,/home/mdk/incremental-rule-discovery/exp2026_v7/sweeps/f5_mcorr_v283/f_dblp_add/add5/results.csv,2026-09-11T11:22:02
f,add5,5,noaux,0,140.242032196,240.95014039699998,136.185793478,2.97478219,0.0,117.149322192,1.609389837,27.894750412,10.48576,1,,0.003311201,,,,92059.0,,,1288806.0,4.146417694999999,batch-cold-round-0,2108.3332901000977,227.0,48.496818791,2565.0,52.121074455,23203.0,cold-step0-step1-aff-mine,192.453315757,20638.0,1,0.0,0.0,12.0,0.0,0.0,124942,124942,220675.0,,,0.0,0.0,0.0,0.0,enforce,0.85,0.0,0.0,5377,862,31243.0,11130.0,124318,124318,0,973,847,3419.0,1380865.0,True,1433.2565231323242,0,2321.0,1,1,,,2918,0,0.0,0,0,0,0,1841155.0,0.00013443243185638136,16.796256901,1e-06,624,0,0,0,0,0.245117574,140,False,False,141.826604464,226.0,,,,,,,add,140,217282.0,3393.0,20,240.95014039699998,0.5820375616504356,f5_mcorr_v283,newmine,/home/mdk/incremental-rule-discovery/exp2026_v7/sweeps/f5_mcorr_v283/f_dblp_add/add5/results.csv,2026-09-11T11:22:02
f,add5,5,nocs,0,106.061557685,240.95014039699998,136.185793478,3.588195394,1.1967596200000001,0.808749294,0.5507361310000001,11.20869177,10.48576,1,,0.002433039,,,,92059.0,,,1288806.0,4.146417694999999,batch-cold-round-0,2108.3332901000977,227.0,48.496818791,2565.0,52.121074455,23203.0,cold-step0-step1-aff-mine,192.453315757,20638.0,1,0.0,0.0,12.0,0.0,0.0,16889,48183,37685.0,,,2191.0,0.0,0.0,0.0,enforce,0.85,726415.0,446369.0,5377,14443,31243.0,11130.0,211994,68325,143669,973,847,307.0,1380865.0,True,1678.6651916503906,0,2321.0,1,1,,,149,0,2191.0,1,16,0.628758357,8910,1841155.0,0.0001189784700189564,1.192521205,1e-06,0,5313,8910,5313,0,0.225445815,140,False,False,108.089517616,226.0,,,,,,,add,140,76127.0,281.0,20,240.95014039699998,0.44018051830245186,f5_mcorr_v283,newmine,/home/mdk/incremental-rule-discovery/exp2026_v7/sweeps/f5_mcorr_v283/f_dblp_add/add5/results.csv,2026-09-11T11:22:02
f,add5,5,pincminer,0,15.889057526,240.95014039699998,136.185793478,3.410436193,0.866580529,1.0592786939999999,0.46691661700000003,9.161365194,10.48576,1,,0.003464967,,,,92059.0,,,1288806.0,4.146417694999999,batch-cold-round-0,2108.3332901000977,227.0,48.496818791,2565.0,52.121074455,23203.0,cold-step0-step1-aff-mine,192.453315757,20638.0,1,0.0,0.0,12.0,0.0,0.0,2600,7168,2900.0,2547.0,2547.0,2191.0,0.0,0.0,0.0,enforce,0.85,226844.0,77089.0,5377,5735,31243.0,11130.0,115364,27310,88054,973,847,311.0,1380865.0,True,1053.0175323486328,0,2321.0,1,1,2547.0,2547.0,149,0,2191.0,1,16,0.299102646,8910,1841155.0,0.0004928738080748976,0.842321338,1e-06,0,465,8910,5297,4832,0.265131002,140,False,False,18.049556004,226.0,clone,match,1270,226.0,4e704347e717c4599a7c37af933beb9b922bfedbf1deeb8e74d27a279a7c7881,23ac6e3f17a6a42ac5ac9b9b4371fa1c3b46cc1b8f865876a96addc20ed2cc7d,add,140,31887.0,298.0,20,240.95014039699998,0.06594334205334139,f5_mcorr_v283,newmine,/home/mdk/incremental-rule-discovery/exp2026_v7/sweeps/f5_mcorr_v283/f_dblp_add/add5/results.csv,2026-09-11T11:22:02
f,add5,5,staticcorr,0,14.022620810000001,230.260413343,124.739827245,3.355644048,0.772639446,0.825801472,0.0,8.447639357,10.48576,1,,0,,,,92059.0,,,1288806.0,3.870007715,batch-cold-round-0,2233.9133911132812,226.0,49.786373345,2565.0,51.864172554999996,23203.0,cold-step0-step1-aff-mine,180.474035754,20638.0,1,0.0,0.0,9.0,0.0,0.0,2600,7168,2900.0,,,2191.0,0.0,0.0,0.0,enforce,0.85,226844.0,77089.0,5377,5735,31243.0,11130.0,115364,27310,88054,973,847,316.0,1380865.0,True,860.3647918701172,0,2321.0,1,1,,,149,0,2191.0,1,16,0.339249206,8910,1841155.0,0.00043363071386775897,0.74107489,1e-06,0,462,8910,5294,4832,0.247944639,140,False,False,16.027704113,226.0,,,,,,,add,140,31887.0,298.0,20,230.260413343,0.06089896481299048,f5_mcorr_v283,newmine,/home/mdk/incremental-rule-discovery/exp2026_v7/sweeps/f5_mcorr_v283/f_dblp_add/add5/results.csv,2026-09-11T11:22:02
f,add15,15,naive,0,191.438150304,194.923930804,104.326580181,9.020922951,0.0,163.532642271,1.681452307,18.055436283000002,10.48576,1,,0.006344279,,,,276174.0,,,1288807.0,8.046207158,batch-cold-round-0,2135.8243865966797,224.0,43.944885764,2179.0,38.606217309,22777.0,cold-step0-step1-aff-mine,150.97903631,20598.0,1,0.0,0.0,13.0,2.0,0.0,124960,124960,220693.0,,,0.0,0.0,0.0,0.0,enforce,0.85,0.0,0.0,5377,862,31187.0,11112.0,124336,124336,0,1250,847,3404.0,1564981.0,True,1565.7025146484375,0,2320.0,1,1,,,2916,0,0.0,0,0,0,0,1841155.0,0.00020911873225832266,26.131476783,1e-06,624,0,0,0,0,0.874724333,138,False,False,193.23637686200001,224.0,,,,,,,add,138,217302.0,3391.0,20,194.923930804,0.9821172265220476,f5_mcorr_v283,newmine,/home/mdk/incremental-rule-discovery/exp2026_v7/sweeps/f5_mcorr_v283/f_dblp_add/add15/results.csv,2026-09-11T11:22:02
f,add15,15,noaux,0,184.311372023,243.925157052,131.79263522,10.027680237,0.0,151.332399689,1.84850002,24.729207988000002,10.48576,1,,0.003253634,,,,276174.0,,,1288807.0,11.786899101,batch-cold-round-0,2077.7888946533203,225.0,53.250307364,2179.0,47.095278651,22777.0,cold-step0-step1-aff-mine,190.674842454,20598.0,1,0.0,0.0,8.0,2.0,0.0,124960,124960,220693.0,,,0.0,0.0,0.0,0.0,enforce,0.85,0.0,0.0,5377,862,31187.0,11112.0,124336,124336,0,1250,847,3409.0,1564981.0,True,1418.0757522583008,0,2320.0,1,1,,,2916,0,0.0,0,0,0,0,1841155.0,0.00012560509415012803,15.695612565,1e-06,624,0,0,0,0,0.50049421,138,False,False,186.108576889,224.0,,,,,,,add,138,217302.0,3391.0,20,243.925157052,0.7556062451717863,f5_mcorr_v283,newmine,/home/mdk/incremental-rule-discovery/exp2026_v7/sweeps/f5_mcorr_v283/f_dblp_add/add15/results.csv,2026-09-11T11:22:02
f,add15,15,nocs,0,152.333089304,243.925157052,131.79263522,11.207500207,1.317889878,1.986559897,0.789276916,11.755519369,10.48576,1,,0.003280796,,,,276174.0,,,1288807.0,11.786899101,batch-cold-round-0,2077.7888946533203,225.0,53.250307364,2179.0,47.095278651,22777.0,cold-step0-step1-aff-mine,190.674842454,20598.0,1,0.0,0.0,8.0,2.0,0.0,4240,6368,28040.0,,,2171.0,0.0,26.0,9.0,enforce,0.85,575872.0,379661.0,5377,6521,31187.0,11112.0,114981,21833,93148,1250,847,289.0,1564981.0,True,1217.2067413330078,0,2320.0,1,1,,,147,0,2171.0,1,16,0.285433835,4850,1841155.0,0.0003099754925842697,0.6896954710000001,1e-06,0,1736,4850,1736,0,0.510737741,138,False,False,154.584542979,224.0,,,,,,,add,138,55854.0,271.0,20,243.925157052,0.6245074970742998,f5_mcorr_v283,newmine,/home/mdk/incremental-rule-discovery/exp2026_v7/sweeps/f5_mcorr_v283/f_dblp_add/add15/results.csv,2026-09-11T11:22:02
f,add15,15,pincminer,0,20.453844488999998,243.925157052,131.79263522,8.817206671000001,0.814416364,1.414405318,0.717484555,8.922564773,10.48576,1,,0.003942923,,,,276174.0,,,1288807.0,11.786899101,batch-cold-round-0,2077.7888946533203,225.0,53.250307364,2179.0,47.095278651,22777.0,cold-step0-step1-aff-mine,190.674842454,20598.0,1,0.0,0.0,8.0,2.0,0.0,1077,1255,1914.0,2546.0,2546.0,2171.0,0.0,26.0,9.0,enforce,0.85,209034.0,64619.0,5377,4790,31187.0,11112.0,99668,16720,82948,1250,847,283.0,1564981.0,True,838.4256896972656,0,2320.0,1,1,2546.0,2546.0,147,0,2171.0,1,16,0.123581952,4850,1841155.0,0.00028675120026350464,0.217644161,1e-06,0,263,4850,1746,1483,0.525504984,138,False,False,22.399145721,224.0,fine-tune,match,1272,224.0,4e704347e717c4599a7c37af933beb9b922bfedbf1deeb8e74d27a279a7c7881,63705e90b4f1bb469644f29fcb2b5a04ba38ec293d42b1652ea229ce50475285,add,138,25272.0,274.0,20,243.925157052,0.08385295201281615,f5_mcorr_v283,newmine,/home/mdk/incremental-rule-discovery/exp2026_v7/sweeps/f5_mcorr_v283/f_dblp_add/add15/results.csv,2026-09-11T11:22:02
f,add15,15,staticcorr,0,18.765437887,194.923930804,104.326580181,7.090667891,0.779396112,1.073484138,0.0,9.639773726,10.48576,1,,0,,,,276174.0,,,1288807.0,8.046207158,batch-cold-round-0,2135.8243865966797,224.0,43.944885764,2179.0,38.606217309,22777.0,cold-step0-step1-aff-mine,150.97903631,20598.0,1,0.0,0.0,13.0,2.0,0.0,2600,7178,2902.0,,,2171.0,0.0,0.0,0.0,enforce,0.85,225820.0,76135.0,5377,5737,31187.0,11112.0,115382,27320,88062,1250,847,296.0,1564981.0,True,979.2851333618164,0,2320.0,1,1,,,147,0,2171.0,1,16,0.175809881,8910,1841155.0,0.00028523279310344827,0.488033309,1e-06,0,457,8910,5289,4832,0.439728788,138,False,False,20.453131122000002,224.0,,,,,,,add,138,31433.0,270.0,20,194.923930804,0.09627056980432552,f5_mcorr_v283,newmine,/home/mdk/incremental-rule-discovery/exp2026_v7/sweeps/f5_mcorr_v283/f_dblp_add/add15/results.csv,2026-09-11T11:22:02
f,add20,20,naive,0,209.749451959,205.605040298,109.189443172,11.947487577999999,0.0,175.416179938,1.2384351519999999,29.178098183,10.48576,1,,0.002058565,,,,368232.0,,,1288806.0,11.071941067,batch-cold-round-0,2130.166290283203,226.0,43.857321454,2200.0,41.486296304,22835.0,cold-step0-step1-aff-mine,161.747712423,20635.0,1,0.0,0.0,12.0,2.0,0.0,135650,135650,230941.0,,,0.0,0.0,0.0,0.0,enforce,0.85,0.0,0.0,5377,862,31138.0,11091.0,134986,134986,0,1401,847,3409.0,1657038.0,True,1616.6121673583984,0,2317.0,1,1,,,2917,0,0.0,0,0,0,0,1841155.0,0.00013636361820125323,18.497724809,1e-06,664,0,0,0,0,0.770017516,140,False,False,211.696021386,225.0,,,,,,,add,140,227549.0,3392.0,20,205.605040298,1.0201571501116566,f5_mcorr_v283,newmine,/home/mdk/incremental-rule-discovery/exp2026_v7/sweeps/f5_mcorr_v283/f_dblp_add/add20/results.csv,2026-09-11T11:22:02
f,add20,20,noaux,0,164.83697971200002,223.411386595,112.236234078,13.427344571,0.0,130.750545061,1.339513023,22.34270553,10.48576,1,,0.002955501,,,,368232.0,,,1288806.0,13.4598474,batch-cold-round-0,2115.968605041504,226.0,53.760875602,2200.0,43.954384176,22835.0,cold-step0-step1-aff-mine,169.650501835,20635.0,1,0.0,0.0,15.0,2.0,0.0,124950,124950,220241.0,,,0.0,0.0,0.0,0.0,enforce,0.85,0.0,0.0,5377,862,31138.0,11091.0,124326,124326,0,1401,847,3424.0,1657038.0,True,1305.6169128417969,0,2317.0,1,1,,,2917,0,0.0,0,0,0,0,1841155.0,7.07541718367347e-05,8.840733771,1e-06,624,0,0,0,0,0.539108481,139,False,False,166.479492813,225.0,,,,,,,add,139,216849.0,3392.0,20,223.411386595,0.7378181668547465,f5_mcorr_v283,newmine,/home/mdk/incremental-rule-discovery/exp2026_v7/sweeps/f5_mcorr_v283/f_dblp_add/add20/results.csv,2026-09-11T11:22:02
f,add20,20,nocs,0,154.81859095000002,223.411386595,112.236234078,13.175263833,1.012094039,0.789293894,0.429598914,12.132468799,10.48576,1,,0.002888241,,,,368232.0,,,1288806.0,13.4598474,batch-cold-round-0,2115.968605041504,226.0,53.760875602,2200.0,43.954384176,22835.0,cold-step0-step1-aff-mine,169.650501835,20635.0,1,0.0,0.0,15.0,2.0,0.0,4518,6958,28126.0,,,2187.0,0.0,22.0,34.0,enforce,0.85,584538.0,389084.0,5377,6581,31138.0,11091.0,114907,22556,92351,1401,847,283.0,1657038.0,True,1140.095314025879,0,2317.0,1,1,,,148,0,2187.0,1,16,0.258178229,5040,1841155.0,0.00021994280789022297,0.512906628,1e-06,0,1747,5040,1747,0,0.521276466,139,False,False,156.684142837,225.0,,,,,,,add,139,57452.0,251.0,20,223.411386595,0.6929753819157617,f5_mcorr_v283,newmine,/home/mdk/incremental-rule-discovery/exp2026_v7/sweeps/f5_mcorr_v283/f_dblp_add/add20/results.csv,2026-09-11T11:22:02
f,add20,20,pincminer,0,24.509464774999998,223.411386595,112.236234078,12.551593982,0.70921155,0.846668285,0.584021939,10.485455063,10.48576,1,,0.002013767,,,,368232.0,,,1288806.0,13.4598474,batch-cold-round-0,2115.968605041504,226.0,53.760875602,2200.0,43.954384176,22835.0,cold-step0-step1-aff-mine,169.650501835,20635.0,1,0.0,0.0,15.0,2.0,0.0,1147,1362,1933.0,2544.0,2544.0,2187.0,0.0,22.0,34.0,enforce,0.85,210008.0,65805.0,5377,4797,31138.0,11091.0,99656,16960,82696,1401,847,309.0,1657038.0,True,726.8442001342773,0,2317.0,1,1,2544.0,2544.0,148,0,2187.0,1,16,0.094843689,5040,1841155.0,0.00022551608706786172,0.176128064,1e-06,0,254,5040,1769,1515,0.538963695,139,False,False,26.464070646,225.0,fine-tune,match,1271,225.0,11ba298b65e2e35d6d0a410b226be607fe8c98b34a698e8b2736df47044e9d63,0cc89906e462339331af390f5ab81167a7e7050632dc724ecd71b41bfddeb3d0,add,139,25992.0,293.0,20,223.411386595,0.10970553089771891,f5_mcorr_v283,newmine,/home/mdk/incremental-rule-discovery/exp2026_v7/sweeps/f5_mcorr_v283/f_dblp_add/add20/results.csv,2026-09-11T11:22:02
f,add20,20,staticcorr,0,23.384133132,205.605040298,109.189443172,10.673536522,0.847278448,1.359417155,0.0,11.14446241,10.48576,1,,0,,,,368232.0,,,1288806.0,11.071941067,batch-cold-round-0,2130.166290283203,226.0,43.857321454,2200.0,41.486296304,22835.0,cold-step0-step1-aff-mine,161.747712423,20635.0,1,0.0,0.0,12.0,2.0,0.0,2682,7667,2984.0,,,2188.0,0.0,0.0,0.0,enforce,0.85,227729.0,77236.0,5377,5819,31138.0,11091.0,116305,27475,88830,1401,847,332.0,1657038.0,True,1356.975486755371,0,2317.0,1,1,,,148,0,2188.0,1,17,0.220967256,8749,1841155.0,0.00042016312694877504,0.754612976,1e-06,0,471,8749,5162,4691,0.483919564,140,False,False,25.335812624,225.0,,,,,,,add,140,31801.0,302.0,20,205.605040298,0.11373326791068684,f5_mcorr_v283,newmine,/home/mdk/incremental-rule-discovery/exp2026_v7/sweeps/f5_mcorr_v283/f_dblp_add/add20/results.csv,2026-09-11T11:22:02
f,add30,30,naive,0,291.92886861,260.921784518,134.499516784,19.432376368,0.0,246.23808734899998,1.385740231,32.866903006,10.48576,1,,0.006374561,,,,552348.0,,,1288807.0,22.275087513,batch-cold-round-0,2406.415596008301,226.0,57.221634974,2171.0,46.925509657999996,22783.0,cold-step0-step1-aff-mine,203.700142333,20612.0,1,0.0,0.0,20.0,0.0,1.0,124942,124942,220233.0,,,0.0,0.0,0.0,0.0,enforce,0.85,0.0,0.0,5377,845,31010.0,10998.0,124318,124318,0,1730,847,3413.0,1841155.0,True,1577.0174713134766,0,2296.0,1,1,,,2918,0,0.0,0,0,0,0,1841155.0,0.00016117467989947335,20.137486856,1e-06,624,0,0,0,0,1.038729154,140,False,False,294.239518132,226.0,,,,,,,add,140,216840.0,3393.0,20,260.921784518,1.11883670100325,f5_mcorr_v283,newmine,/home/mdk/incremental-rule-discovery/exp2026_v7/sweeps/f5_mcorr_v283/f_dblp_add/add30/results.csv,2026-09-11T11:22:02
f,add30,30,noaux,0,210.263696261,263.865847892,132.088699301,20.83734383,0.0,167.770874852,1.638754434,22.800537522,10.48576,1,,0.003207999,,,,552348.0,,,1288807.0,21.66964324,batch-cold-round-0,2255.4839935302734,226.0,58.856339193,2171.0,51.251128431,22783.0,cold-step0-step1-aff-mine,205.009502473,20612.0,1,0.0,0.0,13.0,0.0,1.0,135642,135642,230933.0,,,0.0,0.0,0.0,0.0,enforce,0.85,0.0,0.0,5377,845,31010.0,10998.0,134978,134978,0,1730,847,3423.0,1841155.0,True,1712.3877487182617,0,2296.0,1,1,,,2918,0,0.0,0,0,0,0,1841155.0,0.00013461726599430854,18.259755194,1e-06,664,0,0,0,0,0.920012051,141,False,False,212.18358948600002,226.0,,,,,,,add,141,227540.0,3393.0,20,263.865847892,0.7968583200166954,f5_mcorr_v283,newmine,/home/mdk/incremental-rule-discovery/exp2026_v7/sweeps/f5_mcorr_v283/f_dblp_add/add30/results.csv,2026-09-11T11:22:02
f,add30,30,nocs,0,178.546828771,263.865847892,132.088699301,21.556940644,1.716476923,2.668368398,0.7337021269999999,12.769490895,10.48576,1,,0.003261976,,,,552348.0,,,1288807.0,21.66964324,batch-cold-round-0,2255.4839935302734,226.0,58.856339193,2171.0,51.251128431,22783.0,cold-step0-step1-aff-mine,205.009502473,20612.0,1,0.0,0.0,13.0,0.0,1.0,4876,6943,28021.0,,,2169.0,0.0,19.0,37.0,enforce,0.85,588031.0,388664.0,5377,6605,31010.0,10998.0,118400,22136,96264,1730,847,287.0,1841155.0,True,1684.408187866211,0,2296.0,1,1,,,149,0,2169.0,1,17,0.716651861,4971,1841155.0,0.0011595977691962283,2.582424232,1e-06,0,1900,4971,1900,0,0.91281468,141,False,False,180.72284715499998,226.0,,,,,,,add,141,57735.0,257.0,20,263.865847892,0.6766575902012111,f5_mcorr_v283,newmine,/home/mdk/incremental-rule-discovery/exp2026_v7/sweeps/f5_mcorr_v283/f_dblp_add/add30/results.csv,2026-09-11T11:22:02
f,add30,30,pincminer,0,36.441918879999996,263.865847892,132.088699301,21.372148331,1.193089963,1.720215947,0.639495254,10.836971016,10.48576,1,,0.003815589,,,,552348.0,,,1288807.0,21.66964324,batch-cold-round-0,2255.4839935302734,226.0,58.856339193,2171.0,51.251128431,22783.0,cold-step0-step1-aff-mine,205.009502473,20612.0,1,0.0,0.0,13.0,0.0,1.0,1401,1978,2052.0,2521.0,2521.0,2169.0,0.0,19.0,37.0,enforce,0.85,211937.0,66016.0,5377,4909,31010.0,10998.0,101585,17171,84414,1730,847,308.0,1841155.0,True,1077.1217956542969,0,2296.0,1,1,2521.0,2521.0,149,0,2169.0,1,17,0.205206275,4971,1841155.0,0.000866687768888889,0.780018992,1e-06,0,310,4971,1897,1587,1.051101735,141,False,False,38.681646968,226.0,fine-tune,match,1270,226.0,e4469e83b0e154f2eb9d57d627e5d0c9ccb9aa0ef2a96612a768e96fbcddfde2,baaa2e913b589b450c7215944d558505595e730a2240edc081a802e0c56f8266,add,141,26179.0,291.0,20,263.865847892,0.1381077512346942,f5_mcorr_v283,newmine,/home/mdk/incremental-rule-discovery/exp2026_v7/sweeps/f5_mcorr_v283/f_dblp_add/add30/results.csv,2026-09-11T11:22:02
f,add30,30,staticcorr,0,36.532255682,260.921784518,134.499516784,20.623063203,1.194931877,1.00879212,0.0,12.778518233,10.48576,1,,0,,,,552348.0,,,1288807.0,22.275087513,batch-cold-round-0,2406.415596008301,226.0,57.221634974,2171.0,46.925509657999996,22783.0,cold-step0-step1-aff-mine,203.700142333,20612.0,1,0.0,0.0,20.0,0.0,1.0,2507,6528,2799.0,,,2168.0,0.0,0.0,0.0,enforce,0.85,224192.0,75631.0,5377,5582,31010.0,10998.0,112768,25870,86898,1730,847,344.0,1841155.0,True,951.268798828125,0,2296.0,1,1,,,149,0,2168.0,1,16,0.159576101,8530,1841155.0,0.00017930474487895718,0.28885994400000004,1e-06,0,457,8530,4992,4535,0.638736257,140,False,False,38.800366388,226.0,,,,,,,add,140,31405.0,304.0,20,260.921784518,0.1400122866302096,f5_mcorr_v283,newmine,/home/mdk/incremental-rule-discovery/exp2026_v7/sweeps/f5_mcorr_v283/f_dblp_add/add30/results.csv,2026-09-11T11:22:02
g,del1,1,pincminer,0,16.009024662,200.712780635,106.911311938,0.570348973,1.288272065,1.114176558,0.498400902,0.035875767,10.48576,1,,0.004908349,,,,0,,,220940,1.539637629,batch-cold-round-0,11478.293930053711,106,45.223449203,1310,47.038372908,7410,cold-step0-step1-aff-mine,155.489330394,6100,1,2210,0,5,0,0,3159,5959,2411,1294,1294,1153,0,0,0,enforce,0.85,38686,22926,2433,5883,4714,2589,38686,22926,15760,47842,48814,141,218730,True,4719.719009399414,0,1188,1,1,1294,1294,146,0,1153,1,17,1.288272065,6808,220940,0.0009964531824968891,2.4024486229999997,1e-06,0,341,6808,5484,5143,0.570348973,111,False,False,16.526346774,106,clone,match,315,106,5f1ef0cb25956dbbde0aee61d2eaf594349322ac1a827e45ddcb0bd67c08d01b,3af6afb1b7c852ab7fc9bee2e1cd8104637a5a5281b7593fc731ae19dac39495,delete,111,9827,140,20,200.712780635,0.07976086331598742,f5_mcorr_v283,newmine,/home/mdk/incremental-rule-discovery/exp2026_v7/sweeps/f5_mcorr_v283/g_ncvoter_delete/del1/results.csv,2026-09-11T11:22:02
g,del1,1,nocs,0,124.524393377,200.712780635,106.911311938,0.647317,0.16691745,1.474895755,0.418001173,0.061813991,10.48576,1,,0.005059973,,,,0,,,220940,1.539637629,batch-cold-round-0,11478.293930053711,106,45.223449203,1310,47.038372908,7410,cold-step0-step1-aff-mine,155.489330394,6100,1,2210,0,5,0,0,21446,44718,15978,,,1153,0,0,0,enforce,0.85,101785,61936,2433,17746,4714,2589,101785,61936,39849,47842,48814,146,218730,True,6342.9250411987305,0,1188,1,1,,,149,0,1153,1,17,0.16691745,6808,220940,0.0001027546129052447,1.6418132049999998,1e-06,0,5384,6808,5384,0,0.647317,111,False,False,125.129453913,106,,,,,,,delete,111,28109,145,20,200.712780635,0.6204108825708013,f5_mcorr_v283,newmine,/home/mdk/incremental-rule-discovery/exp2026_v7/sweeps/f5_mcorr_v283/g_ncvoter_delete/del1/results.csv,2026-09-11T11:22:02
g,del1,1,noaux,0,95.90148237,200.712780635,106.911311938,0.533278931,0,75.484299643,1.69230112,0.029284912,10.48576,1,,0.004370902,,,,0,,,220940,1.539637629,batch-cold-round-0,11478.293930053711,106,45.223449203,1310,47.038372908,7410,cold-step0-step1-aff-mine,155.489330394,6100,1,2210,0,10,0,0,19599,19599,19599,,,0,0,0,0,enforce,0.85,0,0,2433,838,4714,2589,19327,19327,0,47842,48814,3705,218730,True,15465.725288391113,0,1188,1,1,,,3709,0,0,0,0,0,0,220940,0.0038514362795550794,75.484299643,1e-06,272,0,0,0,0,0.533278931,111,False,False,96.265691082,106,,,,,,,delete,111,15895,3704,20,200.712780635,0.47780456265213456,f5_mcorr_v283,newmine,/home/mdk/incremental-rule-discovery/exp2026_v7/sweeps/f5_mcorr_v283/g_ncvoter_delete/del1/results.csv,2026-09-11T11:22:02
g,del1,1,naive,0,226.704117363,200.712780635,106.911311938,0.977700282,0,215.379292543,1.619326678,0.205495198,10.48576,1,,0.00469074,,,,0,,,220940,1.539637629,batch-cold-round-0,11478.293930053711,106,45.223449203,1310,47.038372908,7410,cold-step0-step1-aff-mine,155.489330394,6100,1,2210,0,11,0,0,19599,19599,19599,,,0,0,0,0,enforce,0.85,0,0,2433,838,4714,2589,19327,19327,0,47842,48814,3706,218730,True,15258.636245727539,0,1188,1,1,,,3710,0,0,0,0,0,0,220940,0.01098930009403541,215.379292543,1e-06,272,0,0,0,0,0.977700282,112,False,False,227.236311988,106,,,,,,,delete,112,15895,3704,20,200.712780635,1.1294951753733398,f5_mcorr_v283,newmine,/home/mdk/incremental-rule-discovery/exp2026_v7/sweeps/f5_mcorr_v283/g_ncvoter_delete/del1/results.csv,2026-09-11T11:22:02
g,del1,1,staticcorr,0,16.449572772,200.712780635,106.911311938,0.557916534,0.98444025,2.465757051,0,0.051991645,10.48576,1,,0,,,,0,,,220940,1.539637629,batch-cold-round-0,11478.293930053711,106,45.223449203,1310,47.038372908,7410,cold-step0-step1-aff-mine,155.489330394,6100,1,2210,0,6,0,0,3159,5959,2411,,,1153,0,0,0,enforce,0.85,38686,22926,2433,5883,4714,2589,38686,22926,15760,47842,48814,151,218730,True,4366.156784057617,0,1188,1,1,,,154,0,1153,1,17,0.98444025,6808,220940,0.0014310233517212776,3.450197301,1e-06,0,351,6808,5494,5143,0.557916534,112,False,False,17.072693369,106,,,,,,,delete,112,9818,149,20,200.712780635,0.08195578139049281,f5_mcorr_v283,newmine,/home/mdk/incremental-rule-discovery/exp2026_v7/sweeps/f5_mcorr_v283/g_ncvoter_delete/del1/results.csv,2026-09-11T11:22:02
g,del5,5,pincminer,0,19.891433516,187.39490021,104.973166631,1.712983765,2.684351395,8.387694984,0.49579528,1.841078312,10.48576,1,,0.003345001,,,,0,,,220940,3.156494005,batch-cold-round-0,11246.808433532715,87,35.585874129,867,43.679351063,6967,cold-step0-step1-aff-mine,151.809024497,6100,1,11047,0,20,23,4,1966,4366,1706,1294,1294,1153,108,136,254,enforce,0.85,35960,14814,2433,5494,4714,2589,35960,14814,21146,44055,48814,128,209893,True,3740.631721496582,0,1188,1,1,1294,1294,141,0,1153,1,17,2.684351395,1574,220940,0.006490062355803048,11.072046379,1e-06,0,155,1574,896,741,1.712983765,116,False,False,20.432941927,87,fine-tune,match,325,112,5f1ef0cb25956dbbde0aee61d2eaf594349322ac1a827e45ddcb0bd67c08d01b,f5f8e9260a1e97e4fc1e3d5916131ea7e1a7eb2d9e25c5a07d20abcb452a0f6c,delete,116,3412,128,20,187.39490021,0.10614714431240711,f5_mcorr_v283,newmine,/home/mdk/incremental-rule-discovery/exp2026_v7/sweeps/f5_mcorr_v283/g_ncvoter_delete/del5/results.csv,2026-09-11T11:22:02
g,del5,5,nocs,0,87.821509912,187.39490021,104.973166631,1.661592274,3.63787186,14.12172532,0.518209,1.320359728,10.48576,1,,0.003157583,,,,0,,,220940,3.156494005,batch-cold-round-0,11246.808433532715,87,35.585874129,867,43.679351063,6967,cold-step0-step1-aff-mine,151.809024497,6100,1,11047,0,20,23,4,10197,28976,9316,,,1153,108,136,254,enforce,0.85,63473,39426,2433,12147,4714,2589,63473,39426,24047,44055,48814,134,209893,True,4032.30517578125,0,1188,1,1,,,141,0,1153,1,17,3.63787186,1574,220940,0.0019063543559467583,17.75959718,1e-06,0,902,1574,902,0,1.661592274,116,False,False,88.20594908,87,,,,,,,delete,116,11637,134,20,187.39490021,0.46864407629868654,f5_mcorr_v283,newmine,/home/mdk/incremental-rule-discovery/exp2026_v7/sweeps/f5_mcorr_v283/g_ncvoter_delete/del5/results.csv,2026-09-11T11:22:02
g,del5,5,noaux,0,91.928551503,187.39490021,104.973166631,1.734363153,0,70.328793867,1.611570443,1.953150941,10.48576,1,,0.003229782,,,,0,,,220940,3.156494005,batch-cold-round-0,11246.808433532715,87,35.585874129,867,43.679351063,6967,cold-step0-step1-aff-mine,151.809024497,6100,1,11047,0,29,23,4,19599,19599,19599,,,0,0,0,0,enforce,0.85,0,0,2433,838,4714,2589,19327,19327,0,44055,48814,3713,209893,True,14991.117942810059,0,1188,1,1,,,3717,0,0,0,0,0,0,220940,0.0035883868496862084,70.328793867,1e-06,272,0,0,0,0,1.734363153,116,False,False,92.226507129,87,,,,,,,delete,116,15886,3713,20,187.39490021,0.49056058302537725,f5_mcorr_v283,newmine,/home/mdk/incremental-rule-discovery/exp2026_v7/sweeps/f5_mcorr_v283/g_ncvoter_delete/del5/results.csv,2026-09-11T11:22:02
g,del5,5,naive,0,205.245780154,187.39490021,104.973166631,2.776279516,0,192.979106498,1.252148079,1.970556074,10.48576,1,,0.003313639,,,,0,,,220940,3.156494005,batch-cold-round-0,11246.808433532715,87,35.585874129,867,43.679351063,6967,cold-step0-step1-aff-mine,151.809024497,6100,1,11047,0,29,23,4,19599,19599,19599,,,0,0,0,0,enforce,0.85,0,0,2433,838,4714,2589,19327,19327,0,44055,48814,3713,209893,True,15083.326347351074,0,1188,1,1,,,3717,0,0,0,0,0,0,220940,0.009846375146589112,192.979106498,1e-06,272,0,0,0,0,2.776279516,116,False,False,205.692711833,87,,,,,,,delete,116,15886,3713,20,187.39490021,1.0952580882617178,f5_mcorr_v283,newmine,/home/mdk/incremental-rule-discovery/exp2026_v7/sweeps/f5_mcorr_v283/g_ncvoter_delete/del5/results.csv,2026-09-11T11:22:02
g,del5,5,staticcorr,0,18.002970351,187.39490021,104.973166631,1.816891844,2.82829254,0.279555614,0,2.185905191,10.48576,0.75,,0,,,,0,,,220940,3.156494005,batch-cold-round-0,11246.808433532715,87,35.585874129,867,43.679351063,6967,cold-step0-step1-aff-mine,151.809024497,6100,1,11047,0,21,23,4,3157,5957,2355,,,1153,0,0,0,enforce,0.85,38686,22926,2433,5883,4714,2589,38686,22926,15760,44055,48814,163,209893,True,4669.100601196289,0,1188,1,1,,,177,0,1153,1,17,2.82829254,6808,220940,0.0013196807447983015,3.107848154,1e-06,0,360,6808,5493,5133,1.816891844,116,False,False,18.425956647,87,,,,,,,delete,116,9803,162,20,187.39490021,0.09606969202910731,f5_mcorr_v283,newmine,/home/mdk/incremental-rule-discovery/exp2026_v7/sweeps/f5_mcorr_v283/g_ncvoter_delete/del5/results.csv,2026-09-11T11:22:02
g,del10,10,pincminer,0,31.062979366,183.104819337,101.061491575,3.322803814,1.111851071,8.833517456,0.438829166,10.766664849,10.48576,1,,0.003702575,,,,0,,,220940,4.848370825,batch-cold-round-0,11025.430892944336,87,35.562179422,867,41.632767864,6967,cold-step0-step1-aff-mine,147.542638187,6100,1,22094,0,22,19,1,2080,4581,1787,1294,1294,1153,146,159,297,enforce,0.85,36335,15140,2433,5567,4714,2589,36335,15140,21195,39539,48814,134,198846,True,4129.026954650879,0,1188,1,1,1294,1294,138,0,1153,1,17,1.111851071,1679,220940,0.005565399287632904,9.945368527,1e-06,0,169,1679,981,812,3.322803814,111,False,False,31.692907328,88,fine-tune,match,314,107,5f1ef0cb25956dbbde0aee61d2eaf594349322ac1a827e45ddcb0bd67c08d01b,7e706d09605bbd3c850746fe51962cef79abe3ecc66fad0ced925d826f48420c,delete,111,3626,133,20,183.104819337,0.1696458863206071,f5_mcorr_v283,newmine,/home/mdk/incremental-rule-discovery/exp2026_v7/sweeps/f5_mcorr_v283/g_ncvoter_delete/del10/results.csv,2026-09-11T11:22:02
g,del10,10,nocs,0,97.883048826,183.104819337,101.061491575,4.028933695,1.806503713,16.989975234,0.589994192,9.503579414,10.48576,1,,0.003769854,,,,0,,,220940,4.848370825,batch-cold-round-0,11025.430892944336,87,35.562179422,867,41.632767864,6967,cold-step0-step1-aff-mine,147.542638187,6100,1,22094,0,22,19,1,10216,28788,9292,,,1153,146,159,297,enforce,0.85,64323,39349,2433,12187,4714,2589,64323,39349,24974,39539,48814,140,198846,True,5403.543067932129,0,1188,1,1,,,136,0,1153,1,17,1.806503713,1679,220940,0.00202286686902712,18.796478947,1e-06,0,987,1679,987,0,4.028933695,111,False,False,98.150398514,88,,,,,,,delete,111,11756,139,20,183.104819337,0.5345738532738923,f5_mcorr_v283,newmine,/home/mdk/incremental-rule-discovery/exp2026_v7/sweeps/f5_mcorr_v283/g_ncvoter_delete/del10/results.csv,2026-09-11T11:22:02
g,del10,10,noaux,0,107.652439539,183.104819337,101.061491575,3.851297421,0,74.812175855,2.047830356,13.084429939,10.48576,1,,0.003731835,,,,0,,,220940,4.848370825,batch-cold-round-0,11025.430892944336,87,35.562179422,867,41.632767864,6967,cold-step0-step1-aff-mine,147.542638187,6100,1,22094,0,28,19,1,19614,19614,19614,,,0,0,0,0,enforce,0.85,0,0,2433,838,4714,2589,19342,19342,0,39539,48814,3712,198846,True,14818.954574584961,0,1188,1,1,,,3716,0,0,0,0,0,0,220940,0.0038142233024880193,74.812175855,1e-06,272,0,0,0,0,3.851297421,111,False,False,107.998094747,88,,,,,,,delete,111,15904,3710,20,183.104819337,0.5879279416500135,f5_mcorr_v283,newmine,/home/mdk/incremental-rule-discovery/exp2026_v7/sweeps/f5_mcorr_v283/g_ncvoter_delete/del10/results.csv,2026-09-11T11:22:02
g,del10,10,naive,0,256.842338701,183.104819337,101.061491575,6.195972423,0,233.009604301,1.873109522,10.328971126,10.48576,1,,0.003642936,,,,0,,,220940,4.848370825,batch-cold-round-0,11025.430892944336,87,35.562179422,867,41.632767864,6967,cold-step0-step1-aff-mine,147.542638187,6100,1,22094,0,26,19,1,19614,19614,19614,,,0,0,0,0,enforce,0.85,0,0,2433,838,4714,2589,19342,19342,0,39539,48814,3710,198846,True,14769.272689819336,0,1188,1,1,,,3714,0,0,0,0,0,0,220940,0.011879759574844499,233.009604301,1e-06,272,0,0,0,0,6.195972423,111,False,False,257.259206736,88,,,,,,,delete,111,15904,3710,20,183.104819337,1.4027066006836657,f5_mcorr_v283,newmine,/home/mdk/incremental-rule-discovery/exp2026_v7/sweeps/f5_mcorr_v283/g_ncvoter_delete/del10/results.csv,2026-09-11T11:22:02
g,del10,10,staticcorr,0,27.787176742,183.104819337,101.061491575,3.925141899,2.570395235,0.487758495,0,8.554116027,10.48576,1,,0,,,,0,,,220940,4.848370825,batch-cold-round-0,11025.430892944336,87,35.562179422,867,41.632767864,6967,cold-step0-step1-aff-mine,147.542638187,6100,1,22094,0,21,19,1,3159,5959,2364,,,1153,0,0,0,enforce,0.85,38686,22926,2433,5883,4714,2589,38686,22926,15760,39539,48814,145,198846,True,4252.812149047852,0,1188,1,1,,,152,0,1153,1,17,2.570395235,6808,220940,0.0012936352495769882,3.05815373,1e-06,0,341,6808,5481,5140,3.925141899,111,False,False,28.175902176,88,,,,,,,delete,111,9822,145,20,183.104819337,0.1517555728058603,f5_mcorr_v283,newmine,/home/mdk/incremental-rule-discovery/exp2026_v7/sweeps/f5_mcorr_v283/g_ncvoter_delete/del10/results.csv,2026-09-11T11:22:02
g,del15,15,pincminer,0,47.559091417,186.003382413,103.423126348,5.198939594,3.167090052,13.412156283,0.430439633,28.277767257,10.48576,1,,0.00369935,,,,0,,,220940,5.837654123,batch-cold-round-0,11186.218444824219,85,33.450271991,735,43.292319538,6835,cold-step0-step1-aff-mine,152.553109124,6100,1,33141,0,20,23,4,1966,4366,1706,1294,1294,1153,108,136,254,enforce,0.85,35960,14814,2433,5494,4714,2589,35960,14814,21146,35268,48814,123,187799,True,3819.03133392334,0,1188,1,1,1294,1294,138,0,1153,1,17,3.167090052,1574,220940,0.00971819832063306,16.579246335,1e-06,0,150,1574,890,740,5.198939594,116,False,False,47.989988575,87,fine-tune,match,325,112,5f1ef0cb25956dbbde0aee61d2eaf594349322ac1a827e45ddcb0bd67c08d01b,f80ff9fccd6c7b2d5f9ee6d85b3e354b8deb6f6cfa0064a478771a4dbb52a2e0,delete,116,3417,123,20,186.003382413,0.25568939016066,f5_mcorr_v283,newmine,/home/mdk/incremental-rule-discovery/exp2026_v7/sweeps/f5_mcorr_v283/g_ncvoter_delete/del15/results.csv,2026-09-11T11:22:02
g,del15,15,nocs,0,95.176311881,186.003382413,103.423126348,3.659223518,1.136094002,12.704729682,0.393782578,21.375908895,10.48576,1,,0.003042787,,,,0,,,220940,5.837654123,batch-cold-round-0,11186.218444824219,85,33.450271991,735,43.292319538,6835,cold-step0-step1-aff-mine,152.553109124,6100,1,33141,0,21,23,4,10197,28976,9319,,,1153,108,136,254,enforce,0.85,63473,39426,2433,12147,4714,2589,63473,39426,24047,35268,48814,124,187799,True,4850.132789611816,0,1188,1,1,,,139,0,1153,1,17,1.136094002,1574,220940,0.0014852262779268162,13.840823684,1e-06,0,890,1574,890,0,3.659223518,116,False,False,95.540181871,87,,,,,,,delete,116,11648,123,20,186.003382413,0.5116912963962746,f5_mcorr_v283,newmine,/home/mdk/incremental-rule-discovery/exp2026_v7/sweeps/f5_mcorr_v283/g_ncvoter_delete/del15/results.csv,2026-09-11T11:22:02
g,del15,15,noaux,0,135.926583146,186.003382413,103.423126348,4.756204064,0,89.034933737,1.561219583,32.34461755,10.48576,1,,0.008180733,,,,0,,,220940,5.837654123,batch-cold-round-0,11186.218444824219,85,33.450271991,735,43.292319538,6835,cold-step0-step1-aff-mine,152.553109124,6100,1,33141,0,31,23,4,19599,19599,19599,,,0,0,0,0,enforce,0.85,0,0,2433,838,4714,2589,19327,19327,0,35268,48814,3714,187799,True,15155.763694763184,0,1188,1,1,,,3718,0,0,0,0,0,0,220940,0.004542830437114139,89.034933737,1e-06,272,0,0,0,0,4.756204064,116,False,False,136.258057754,87,,,,,,,delete,116,15887,3712,20,186.003382413,0.7307747922787233,f5_mcorr_v283,newmine,/home/mdk/incremental-rule-discovery/exp2026_v7/sweeps/f5_mcorr_v283/g_ncvoter_delete/del15/results.csv,2026-09-11T11:22:02
g,del15,15,naive,0,165.68004187,186.003382413,103.423126348,4.93348358,0,136.027992017,1.834471431,21.220587715,10.48576,1,,0.007977644,,,,0,,,220940,5.837654123,batch-cold-round-0,11186.218444824219,85,33.450271991,735,43.292319538,6835,cold-step0-step1-aff-mine,152.553109124,6100,1,33141,0,30,23,4,19599,19599,19599,,,0,0,0,0,enforce,0.85,0,0,2433,838,4714,2589,19327,19327,0,35268,48814,3713,187799,True,13668.126808166504,0,1188,1,1,,,3717,0,0,0,0,0,0,220940,0.006940557784427777,136.027992017,1e-06,272,0,0,0,0,4.93348358,117,False,False,165.962810823,87,,,,,,,delete,117,15887,3712,20,186.003382413,0.8907367152180369,f5_mcorr_v283,newmine,/home/mdk/incremental-rule-discovery/exp2026_v7/sweeps/f5_mcorr_v283/g_ncvoter_delete/del15/results.csv,2026-09-11T11:22:02
g,del15,15,staticcorr,0,30.5485868,186.003382413,103.423126348,3.143365606,2.276484422,2.079692,0,19.128658792,10.48576,0.75,,0,,,,0,,,220940,5.837654123,batch-cold-round-0,11186.218444824219,85,33.450271991,735,43.292319538,6835,cold-step0-step1-aff-mine,152.553109124,6100,1,33141,0,21,23,4,3157,5957,2353,,,1153,0,0,0,enforce,0.85,38686,22926,2433,5883,4714,2589,38686,22926,15760,35268,48814,166,187799,True,3723.3289794921875,0,1188,1,1,,,180,0,1153,1,17,2.276484422,6808,220940,0.0018513286961325966,4.356176422,1e-06,0,363,6808,5496,5133,3.143365606,117,False,False,30.858474253,87,,,,,,,delete,117,9800,165,20,186.003382413,0.16423672733095912,f5_mcorr_v283,newmine,/home/mdk/incremental-rule-discovery/exp2026_v7/sweeps/f5_mcorr_v283/g_ncvoter_delete/del15/results.csv,2026-09-11T11:22:02
g,del20,20,pincminer,0,53.69859702,179.066739498,96.450453671,3.643238757,0.334572158,4.580027138,0.364942041,41.706920675,10.48576,1,,0.005554064,,,,0,,,220940,6.94502771,batch-cold-round-0,9002.7075881958,86,35.073136673,771,40.598113996,6871,cold-step0-step1-aff-mine,143.993601585,6100,1,44188,0,20,24,6,2074,4740,1818,1294,1294,1153,149,172,300,enforce,0.85,36332,15235,2433,5565,4714,2589,36332,15235,21097,31241,48814,138,176752,True,5190.455131530762,0,1188,1,1,1294,1294,150,0,1153,1,17,0.334572158,1632,220940,0.00270329994279428,4.9145992960000005,1e-06,0,170,1632,941,771,3.643238757,117,False,False,53.971952844,88,fine-tune,match,347,116,5f1ef0cb25956dbbde0aee61d2eaf594349322ac1a827e45ddcb0bd67c08d01b,646d92a2867ab95fe5449c5e08af36bbb2ed011db19a962932c2aed5b627dc7e,delete,117,3568,138,20,179.066739498,0.2998803528256556,f5_mcorr_v283,newmine,/home/mdk/incremental-rule-discovery/exp2026_v7/sweeps/f5_mcorr_v283/g_ncvoter_delete/del20/results.csv,2026-09-11T11:22:02
g,del20,20,nocs,0,101.093838579,179.066739498,96.450453671,3.456967902,0.443781276,8.049248704,0.400822684,43.374088677,10.48576,1,,0.00303856,,,,0,,,220940,6.94502771,batch-cold-round-0,9002.7075881958,86,35.073136673,771,40.598113996,6871,cold-step0-step1-aff-mine,143.993601585,6100,1,44188,0,20,24,6,10524,31045,9782,,,1153,149,172,300,enforce,0.85,64397,41540,2433,12301,4714,2589,64397,41540,22857,31241,48814,137,176752,True,5341.488456726074,0,1188,1,1,,,149,0,1153,1,17,0.443781276,1632,220940,0.0008682304211817623,8.49302998,1e-06,0,940,1632,940,0,3.456967902,117,False,False,101.379203055,88,,,,,,,delete,117,12019,137,20,179.066739498,0.5645595539540671,f5_mcorr_v283,newmine,/home/mdk/incremental-rule-discovery/exp2026_v7/sweeps/f5_mcorr_v283/g_ncvoter_delete/del20/results.csv,2026-09-11T11:22:02
g,del20,20,noaux,0,104.409413372,179.066739498,96.450453671,3.471084377,0,59.520035038,1.348978089,48.831069171,10.48576,1,,0.002958611,,,,0,,,220940,6.94502771,batch-cold-round-0,9002.7075881958,86,35.073136673,771,40.598113996,6871,cold-step0-step1-aff-mine,143.993601585,6100,1,44188,0,35,24,6,19651,19651,19651,,,0,0,0,0,enforce,0.85,0,0,2433,838,4714,2589,19379,19379,0,31241,48814,3720,176752,True,12540.61587524414,0,1188,1,1,,,3721,0,0,0,0,0,0,220940,0.00302885527647448,59.520035038,1e-06,272,0,0,0,0,3.471084377,117,False,False,104.6361344,88,,,,,,,delete,117,15931,3720,20,179.066739498,0.5830754145895762,f5_mcorr_v283,newmine,/home/mdk/incremental-rule-discovery/exp2026_v7/sweeps/f5_mcorr_v283/g_ncvoter_delete/del20/results.csv,2026-09-11T11:22:02
g,del20,20,naive,0,173.472200443,179.066739498,96.450453671,5.597226269,0,126.530770859,1.195096506,46.067369237,10.48576,1,,0.003004296,,,,0,,,220940,6.94502771,batch-cold-round-0,9002.7075881958,86,35.073136673,771,40.598113996,6871,cold-step0-step1-aff-mine,143.993601585,6100,1,44188,0,37,24,6,19651,19651,19651,,,0,0,0,0,enforce,0.85,0,0,2433,838,4714,2589,19379,19379,0,31241,48814,3722,176752,True,12368.66535949707,0,1188,1,1,,,3723,0,0,0,0,0,0,220940,0.006438897300849829,126.530770859,1e-06,272,0,0,0,0,5.597226269,117,False,False,173.749166326,88,,,,,,,delete,117,15931,3720,20,179.066739498,0.9687572406205425,f5_mcorr_v283,newmine,/home/mdk/incremental-rule-discovery/exp2026_v7/sweeps/f5_mcorr_v283/g_ncvoter_delete/del20/results.csv,2026-09-11T11:22:02
g,del20,20,staticcorr,0,53.445728142,179.066739498,96.450453671,3.371304515,5.811652125,0.702854261,0,43.691530954,10.48576,0.6666666666666666,,0,,,,0,,,220940,6.94502771,batch-cold-round-0,9002.7075881958,86,35.073136673,771,40.598113996,6871,cold-step0-step1-aff-mine,143.993601585,6100,1,44188,0,23,24,6,3157,5943,2354,,,1153,0,0,0,enforce,0.85,38670,22912,2433,5881,4714,2589,38670,22912,15758,31241,48814,147,176752,True,5354.130508422852,0,1188,1,1,,,158,0,1153,1,17,5.811652125,6808,220940,0.002767419875106202,6.514506386,1e-06,0,348,6808,5465,5117,3.371304515,117,False,False,53.736705063,88,,,,,,,delete,117,9821,144,20,179.066739498,0.29846820404409574,f5_mcorr_v283,newmine,/home/mdk/incremental-rule-discovery/exp2026_v7/sweeps/f5_mcorr_v283/g_ncvoter_delete/del20/results.csv,2026-09-11T11:22:02
g,del25,25,pincminer,0,95.34834696,126.624412213,74.788078465,4.764601459,0.551114687,3.176884714,0.376596774,83.898482511,10.48576,1,,0.00323152,,,,0,,,220940,4.707581328,batch-cold-round-0,10348.037239074707,85,20.788651455,735,26.340092121,6835,cold-step0-step1-aff-mine,105.835759243,6100,1,55235,0,20,27,6,1542,3059,1347,1294,1294,1153,107,117,239,enforce,0.85,34922,13513,2433,5247,4714,2589,34922,13513,21409,27458,48814,128,165705,True,7146.097229003906,0,1188,1,1,1294,1294,154,0,1153,1,17,0.551114687,1594,220940,0.002767631329621381,3.727999401,1e-06,0,156,1594,872,716,4.764601459,126,False,False,95.667180019,85,fine-tune,match,354,124,5f1ef0cb25956dbbde0aee61d2eaf594349322ac1a827e45ddcb0bd67c08d01b,a62e90420f4e4628c95d7f8cccf20792c052eb188c07d4ca1ee732ab58074b19,delete,126,3009,127,20,126.624412213,0.75300129961994,f5_mcorr_v283,newmine,/home/mdk/incremental-rule-discovery/exp2026_v7/sweeps/f5_mcorr_v283/g_ncvoter_delete/del25/results.csv,2026-09-11T11:22:02
g,del25,25,nocs,0,110.41508025,126.624412213,74.788078465,3.79392681,2.779047113,6.401572357,0.528759895,76.22936867,10.48576,1,,0.003443663,,,,0,,,220940,4.707581328,batch-cold-round-0,10348.037239074707,85,20.788651455,735,26.340092121,6835,cold-step0-step1-aff-mine,105.835759243,6100,1,55235,0,20,27,6,7160,19424,6521,,,1153,107,117,239,enforce,0.85,55568,29880,2433,10133,4714,2589,55568,29880,25688,27458,48814,128,165705,True,6927.817573547363,0,1188,1,1,,,154,0,1153,1,17,2.779047113,1594,220940,0.0014078545422481215,9.18061947,1e-06,0,872,1594,872,0,3.79392681,126,False,False,110.697245144,85,,,,,,,delete,126,8627,127,20,126.624412213,0.8719888868211793,f5_mcorr_v283,newmine,/home/mdk/incremental-rule-discovery/exp2026_v7/sweeps/f5_mcorr_v283/g_ncvoter_delete/del25/results.csv,2026-09-11T11:22:02
g,del25,25,noaux,0,122.015649115,126.624412213,74.788078465,3.779279157,0,61.196270658,1.142290934,83.099836463,10.48576,1,,0.0074662,,,,0,,,220940,4.707581328,batch-cold-round-0,10348.037239074707,85,20.788651455,735,26.340092121,6835,cold-step0-step1-aff-mine,105.835759243,6100,1,55235,0,52,27,6,19590,19590,19590,,,0,0,0,0,enforce,0.85,0,0,2433,838,4714,2589,19318,19318,0,27458,48814,3734,165705,True,11129.332038879395,0,1188,1,1,,,3735,0,0,0,0,0,0,220940,0.0031238525093415007,61.196270658,1e-06,272,0,0,0,0,3.779279157,126,False,False,122.263179173,85,,,,,,,delete,126,15857,3733,20,126.624412213,0.9636028865409664,f5_mcorr_v283,newmine,/home/mdk/incremental-rule-discovery/exp2026_v7/sweeps/f5_mcorr_v283/g_ncvoter_delete/del25/results.csv,2026-09-11T11:22:02
g,del25,25,naive,0,318.222233808,126.624412213,74.788078465,10.794770555,0,206.594515024,1.449596913,131.533594576,10.48576,1,,0.007566074,,,,0,,,220940,4.707581328,batch-cold-round-0,10348.037239074707,85,20.788651455,735,26.340092121,6835,cold-step0-step1-aff-mine,105.835759243,6100,1,55235,0,51,27,6,19590,19590,19590,,,0,0,0,0,enforce,0.85,0,0,2433,838,4714,2589,19318,19318,0,27458,48814,3733,165705,True,13075.927810668945,0,1188,1,1,,,3734,0,0,0,0,0,0,220940,0.010545917050740174,206.594515024,1e-06,272,0,0,0,0,10.794770555,125,False,False,318.660571911,85,,,,,,,delete,125,15857,3733,20,126.624412213,2.513119139085958,f5_mcorr_v283,newmine,/home/mdk/incremental-rule-discovery/exp2026_v7/sweeps/f5_mcorr_v283/g_ncvoter_delete/del25/results.csv,2026-09-11T11:22:02
g,del25,25,staticcorr,0,135.096982291,126.624412213,74.788078465,6.576858318,7.760571511,0.396035161,0,121.826594147,10.48576,1,,0,,,,0,,,220940,4.707581328,batch-cold-round-0,10348.037239074707,85,20.788651455,735,26.340092121,6835,cold-step0-step1-aff-mine,105.835759243,6100,1,55235,0,20,27,6,3098,5813,2330,,,1153,0,0,0,enforce,0.85,38485,22785,2433,5853,4714,2589,38485,22785,15700,27458,48814,164,165705,True,6975.097869873047,0,1188,1,1,,,187,0,1153,1,17,7.760571511,6808,220940,0.0035006895587982837,8.156606672,1e-06,0,367,6808,5447,5080,6.576858318,125,False,False,135.528331836,85,,,,,,,delete,125,9743,163,20,126.624412213,1.066911031845486,f5_mcorr_v283,newmine,/home/mdk/incremental-rule-discovery/exp2026_v7/sweeps/f5_mcorr_v283/g_ncvoter_delete/del25/results.csv,2026-09-11T11:22:02
g,del30,30,pincminer,0,205.096992888,116.684832586,62.542856181,7.180469224,1.262777042,4.351233578,0.430145527,189.567592064,10.48576,1,,0.003426664,,,,0,,,220940,5.365356361,batch-cold-round-0,10874.439163208008,85,23.031572598,920,25.745038839,7020,cold-step0-step1-aff-mine,93.653257974,6100,1,66282,0,20,27,6,1542,3059,1347,1294,1294,1153,107,117,239,enforce,0.85,34922,13513,2433,5247,4714,2589,34922,13513,21409,23919,48814,125,154658,True,9392.67903137207,0,1188,1,1,1294,1294,153,0,1153,1,17,1.262777042,1594,220940,0.004167788136599852,5.61401062,1e-06,0,153,1594,869,716,7.180469224,125,False,False,205.502990559,85,fine-tune,match,354,124,5f1ef0cb25956dbbde0aee61d2eaf594349322ac1a827e45ddcb0bd67c08d01b,51ad7298dcfc9a026e7dbaf51f78522ba6a9176470df51745bc1efbab42982ac,delete,125,3012,124,20,116.684832586,1.7577005369300054,f5_mcorr_v283,newmine,/home/mdk/incremental-rule-discovery/exp2026_v7/sweeps/f5_mcorr_v283/g_ncvoter_delete/del30/results.csv,2026-09-11T11:22:02
g,del30,30,nocs,0,240.488497813,116.684832586,62.542856181,5.53994104,11.070170119,49.577908966,0.519687846,193.537460456,10.48576,1,,0.00330857,,,,0,,,220940,5.365356361,batch-cold-round-0,10874.439163208008,85,23.031572598,920,25.745038839,7020,cold-step0-step1-aff-mine,93.653257974,6100,1,66282,0,21,27,6,7160,19424,6493,,,1153,107,117,239,enforce,0.85,55568,29880,2433,10133,4714,2589,55568,29880,25688,23919,48814,127,154658,True,9924.86343383789,0,1188,1,1,,,155,0,1153,1,17,11.070170119,1594,220940,0.00934053274064377,60.648079085000006,1e-06,0,870,1594,870,0,5.53994104,125,False,False,240.871768391,85,,,,,,,delete,125,8629,125,20,116.684832586,2.0610090659019735,f5_mcorr_v283,newmine,/home/mdk/incremental-rule-discovery/exp2026_v7/sweeps/f5_mcorr_v283/g_ncvoter_delete/del30/results.csv,2026-09-11T11:22:02
g,del30,30,noaux,0,256.544952451,116.684832586,62.542856181,5.461341078,0,154.049463308,1.42753249,186.834093329,10.48576,1,,0.003137301,,,,0,,,220940,5.365356361,batch-cold-round-0,10874.439163208008,85,23.031572598,920,25.745038839,7020,cold-step0-step1-aff-mine,93.653257974,6100,1,66282,0,53,27,6,19591,19591,19591,,,0,0,0,0,enforce,0.85,0,0,2433,838,4714,2589,19319,19319,0,23919,48814,3735,154658,True,11330.764854431152,0,1188,1,1,,,3735,0,0,0,0,0,0,220940,0.007863277183808892,154.049463308,1e-06,272,0,0,0,0,5.461341078,125,False,False,256.889580002,85,,,,,,,delete,125,15859,3732,20,116.684832586,2.1986143937081035,f5_mcorr_v283,newmine,/home/mdk/incremental-rule-discovery/exp2026_v7/sweeps/f5_mcorr_v283/g_ncvoter_delete/del30/results.csv,2026-09-11T11:22:02
g,del30,30,naive,0,365.099985478,116.684832586,62.542856181,11.408183126,0,175.195253786,1.380397074,193.670555128,10.48576,1,,0.003660344,,,,0,,,220940,5.365356361,batch-cold-round-0,10874.439163208008,85,23.031572598,920,25.745038839,7020,cold-step0-step1-aff-mine,93.653257974,6100,1,66282,0,52,27,6,19591,19591,19591,,,0,0,0,0,enforce,0.85,0,0,2433,838,4714,2589,19319,19319,0,23919,48814,3733,154658,True,11867.160362243652,0,1188,1,1,,,3734,0,0,0,0,0,0,220940,0.008942639670563014,175.195253786,1e-06,272,0,0,0,0,11.408183126,125,False,False,365.511378107,85,,,,,,,delete,125,15859,3732,20,116.684832586,3.1289412461462036,f5_mcorr_v283,newmine,/home/mdk/incremental-rule-discovery/exp2026_v7/sweeps/f5_mcorr_v283/g_ncvoter_delete/del30/results.csv,2026-09-11T11:22:02
g,del30,30,staticcorr,0,170.455729871,116.684832586,62.542856181,7.238670687,4.871600519,1.954032709,0,157.454614293,10.48576,1,,0,,,,0,,,220940,5.365356361,batch-cold-round-0,10874.439163208008,85,23.031572598,920,25.745038839,7020,cold-step0-step1-aff-mine,93.653257974,6100,1,66282,0,20,27,6,3098,5813,2330,,,1153,0,0,0,enforce,0.85,38485,22785,2433,5853,4714,2589,38485,22785,15700,23919,48814,168,154658,True,9322.849594116211,0,1188,1,1,,,190,0,1153,1,17,4.871600519,6808,220940,0.002929456321030043,6.825633228,1e-06,0,374,6808,5454,5080,7.238670687,125,False,False,170.808676724,85,,,,,,,delete,125,9739,167,20,116.684832586,1.4608216517375499,f5_mcorr_v283,newmine,/home/mdk/incremental-rule-discovery/exp2026_v7/sweeps/f5_mcorr_v283/g_ncvoter_delete/del30/results.csv,2026-09-11T11:22:02
h,add1,1,pincminer,0,5.224588276,78.192276433,52.264623998,3.719086197,1.167047851,0.005021528,0.242876929,0,10.48576,1,,0.002732172,,,,16817,,,1177130,4.875812581,batch-cold-round-0,34729.54807281494,80,10.846932703,1213,10.204896829,8749,cold-step0-step1-aff-mine,67.345342314,7536,1,0,0,0,0,0,2186,10613,1233,1201,1201,1094,0,0,0,enforce,0.85,112610,53273,5377,5343,18221,6411,112610,53273,59337,1425509,1385635,103,1193947,True,13301.562561035156,0,1121,1,1,1201,1201,80,0,1094,1,12,1.167047851,19551,1681616,0.0009505834379562045,1.172069379,1e-06,0,602,19551,15007,14405,3.719086197,80,False,False,7.208715923,80,clone,match,743,80,33c645db40d3ef299017131af23655d0232b25ceb1cb0f6a77f5efae61478596,74892b598b78f5c1d7e84505a6838de20bb112edb2b86f57c1cdbede893a6b7a,add,80,21634,103,20,78.192276433,0.06681719108762298,f5_mcorr_v283,newmine,/home/mdk/incremental-rule-discovery/exp2026_v7/sweeps/f5_mcorr_v283/extra_add/ncvoter_ml40/add1/results.csv,2026-09-11T11:22:02
h,add1,1,nocs,0,5.217583202,78.192276433,52.264623998,3.528649685,1.263578199,0.244598179,0.260506699,0,10.48576,1,,0.002782249,,,,16817,,,1177130,4.875812581,batch-cold-round-0,34729.54807281494,80,10.846932703,1213,10.204896829,8749,cold-step0-step1-aff-mine,67.345342314,7536,1,0,0,0,0,0,32407,164775,22022,,,1094,0,0,0,enforce,0.85,481632,207435,5377,27185,18221,6411,481632,207435,274197,1425509,1385635,100,1193947,True,13647.839370727539,0,1121,1,1,,,80,0,1094,1,12,1.263578199,19551,1681616,6.84849867405322e-05,1.508176378,1e-06,0,15004,19551,15004,0,3.528649685,80,False,False,7.42850332,80,,,,,,,add,80,51858,100,20,78.192276433,0.06672760328791232,f5_mcorr_v283,newmine,/home/mdk/incremental-rule-discovery/exp2026_v7/sweeps/f5_mcorr_v283/extra_add/ncvoter_ml40/add1/results.csv,2026-09-11T11:22:02
h,add1,1,noaux,0,103.23283753,78.192276433,52.264623998,3.627130905,0,98.941885695,0.537977563,0,10.48576,1,,0.002743669,,,,16817,,,1177130,4.875812581,batch-cold-round-0,34729.54807281494,80,10.846932703,1213,10.204896829,8749,cold-step0-step1-aff-mine,67.345342314,7536,1,0,0,0,0,0,78183,78183,78183,,,0,0,0,0,enforce,0.85,0,0,5377,1026,18221,6411,77715,77715,0,1425509,1385635,2023,1193947,True,84649.45741271973,0,1121,1,1,,,2023,0,0,0,0,0,0,1681616,0.0012655166173592724,98.941885695,1e-06,468,0,0,0,0,3.627130905,80,False,False,104.468156517,80,,,,,,,add,80,76160,2023,20,78.192276433,1.3202434081639292,f5_mcorr_v283,newmine,/home/mdk/incremental-rule-discovery/exp2026_v7/sweeps/f5_mcorr_v283/extra_add/ncvoter_ml40/add1/results.csv,2026-09-11T11:22:02
h,add1,1,naive,0,201.83731999,102.708224704,67.317435469,8.233184723,0,192.893277982,0.611766323,0,10.48576,1,,0.002844357,,,,16817,,,1177130,6.390801882,batch-cold-round-0,33552.24415588379,80,15.295898241,1213,13.704079265,8749,cold-step0-step1-aff-mine,87.412324683,7536,1,0,0,0,0,0,78183,78183,78183,,,0,0,0,0,enforce,0.85,0,0,5377,1026,18221,6411,77715,77715,0,1425509,1385635,2023,1193947,True,68793.93162536621,0,1121,1,1,,,2023,0,0,0,0,0,0,1681616,0.002467202307176752,192.893277982,1e-06,468,0,0,0,0,8.233184723,80,False,False,204.299024163,80,,,,,,,add,80,76160,2023,20,102.708224704,1.9651524556254878,f5_mcorr_v283,newmine,/home/mdk/incremental-rule-discovery/exp2026_v7/sweeps/f5_mcorr_v283/extra_add/ncvoter_ml40/add1/results.csv,2026-09-11T11:22:02
h,add1,1,staticcorr,0,7.633928425,102.708224704,67.317435469,5.867428295,1.648110522,0.011991785,0,0,10.48576,1,,0,,,,16817,,,1177130,6.390801882,batch-cold-round-0,33552.24415588379,80,15.295898241,1213,13.704079265,8749,cold-step0-step1-aff-mine,87.412324683,7536,1,0,0,0,0,0,2186,10613,1233,,,1094,0,0,0,enforce,0.85,112610,53273,5377,5343,18221,6411,112610,53273,59337,1425509,1385635,111,1193947,True,13878.665397644043,0,1121,1,1,,,80,0,1094,1,12,1.648110522,19551,1681616,0.001346392787510138,1.660102307,1e-06,0,610,19551,15015,14405,5.867428295,80,False,False,10.433300605,80,,,,,,,add,80,21626,111,20,102.708224704,0.07432635942253507,f5_mcorr_v283,newmine,/home/mdk/incremental-rule-discovery/exp2026_v7/sweeps/f5_mcorr_v283/extra_add/ncvoter_ml40/add1/results.csv,2026-09-11T11:22:02
h,add5,5,pincminer,0,6.226369633,83.562919679,53.999384728,4.59280703,1.193860704,0.005832081,0.278982696,0,10.48576,1,,0.002727551,,,,84081,,,1177131,6.035231445,batch-cold-round-0,34638.875831604004,80,11.927696086,1213,11.60059685,8749,cold-step0-step1-aff-mine,71.635222333,7536,1,0,0,0,0,0,2186,10613,1233,1201,1201,1094,0,0,0,enforce,0.85,112610,53273,5377,5343,18221,6411,112610,53273,59337,1590655,1385637,96,1261212,True,13825.830757141113,0,1121,1,1,1201,1201,80,0,1094,1,12,1.193860704,19551,1681616,0.0009729868491484186,1.199692785,1e-06,0,595,19551,15000,14405,4.59280703,80,False,False,8.220328741,80,clone,match,743,80,33c645db40d3ef299017131af23655d0232b25ceb1cb0f6a77f5efae61478596,08921abf968270be6cbd3638bd08ba23f6a703c978e18fbc6103b64096327743,add,80,21641,96,20,83.562919679,0.07451115467145093,f5_mcorr_v283,newmine,/home/mdk/incremental-rule-discovery/exp2026_v7/sweeps/f5_mcorr_v283/extra_add/ncvoter_ml40/add5/results.csv,2026-09-11T11:22:02
h,add5,5,nocs,0,6.863272345,83.562919679,53.999384728,5.148274746,1.362645995,0.037029605,0.204368108,0,10.48576,1,,0.002378281,,,,84081,,,1177131,6.035231445,batch-cold-round-0,34638.875831604004,80,11.927696086,1213,11.60059685,8749,cold-step0-step1-aff-mine,71.635222333,7536,1,0,0,0,0,0,32407,164775,22022,,,1094,0,0,0,enforce,0.85,481632,207435,5377,27185,18221,6411,481632,207435,274197,1590655,1385637,99,1261212,True,16696.20294189453,0,1121,1,1,,,80,0,1094,1,12,1.362645995,19551,1681616,6.35580601216965e-05,1.3996756000000001,1e-06,0,15003,19551,15003,0,5.148274746,80,False,False,9.255200529,80,,,,,,,add,80,51859,99,20,83.562919679,0.08213298878694868,f5_mcorr_v283,newmine,/home/mdk/incremental-rule-discovery/exp2026_v7/sweeps/f5_mcorr_v283/extra_add/ncvoter_ml40/add5/results.csv,2026-09-11T11:22:02
h,add5,5,noaux,0,114.47320609,83.562919679,53.999384728,4.879512847,0,108.991103265,0.519886721,0,10.48576,1,,0.002382703,,,,84081,,,1177131,6.035231445,batch-cold-round-0,34638.875831604004,80,11.927696086,1213,11.60059685,8749,cold-step0-step1-aff-mine,71.635222333,7536,1,0,0,0,0,0,78183,78183,78183,,,0,0,0,0,enforce,0.85,0,0,5377,1026,18221,6411,77715,77715,0,1590655,1385637,2023,1261212,True,95199.5956954956,0,1121,1,1,,,2023,0,0,0,0,0,0,1681616,0.0013940511781973064,108.991103265,1e-06,468,0,0,0,0,4.879512847,80,False,False,115.942802951,80,,,,,,,add,80,76160,2023,20,83.562919679,1.3699043371119546,f5_mcorr_v283,newmine,/home/mdk/incremental-rule-discovery/exp2026_v7/sweeps/f5_mcorr_v283/extra_add/ncvoter_ml40/add5/results.csv,2026-09-11T11:22:02
h,add5,5,naive,0,196.567342787,97.82913052,62.395767772,8.448345034,0,187.413336674,0.623377719,0,10.48576,1,,0.002410719,,,,84081,,,1177131,7.5081585650000005,batch-cold-round-0,33414.48231506348,80,14.402343059,1213,13.522843025,8749,cold-step0-step1-aff-mine,83.426785685,7536,1,0,0,0,0,0,78183,78183,78183,,,0,0,0,0,enforce,0.85,0,0,5377,1026,18221,6411,77715,77715,0,1590655,1385637,2023,1261212,True,75716.38247680664,0,1121,1,1,,,2023,0,0,0,0,0,0,1681616,0.0023971110941509023,187.413336674,1e-06,468,0,0,0,0,8.448345034,80,False,False,198.779449882,80,,,,,,,add,80,76160,2023,20,97.82913052,2.0092925465264577,f5_mcorr_v283,newmine,/home/mdk/incremental-rule-discovery/exp2026_v7/sweeps/f5_mcorr_v283/extra_add/ncvoter_ml40/add5/results.csv,2026-09-11T11:22:02
h,add5,5,staticcorr,0,7.848016545,97.82913052,62.395767772,6.245057995,1.52971877,0.010094276,0,0,10.48576,1,,0,,,,84081,,,1177131,7.5081585650000005,batch-cold-round-0,33414.48231506348,80,14.402343059,1213,13.522843025,8749,cold-step0-step1-aff-mine,83.426785685,7536,1,0,0,0,0,0,2186,10613,1233,,,1094,0,0,0,enforce,0.85,112610,53273,5377,5343,18221,6411,112610,53273,59337,1590655,1385637,99,1261212,True,15431.873596191406,0,1121,1,1,,,80,0,1094,1,12,1.52971877,19551,1681616,0.0012488345871857257,1.539813046,1e-06,0,598,19551,15003,14405,6.245057995,80,False,False,10.321225654,80,,,,,,,add,80,21638,99,20,97.82913052,0.08022167327139401,f5_mcorr_v283,newmine,/home/mdk/incremental-rule-discovery/exp2026_v7/sweeps/f5_mcorr_v283/extra_add/ncvoter_ml40/add5/results.csv,2026-09-11T11:22:02
h,add15,15,pincminer,0,11.500793925,131.598631409,77.584133093,8.839249169,2.128427947,0.00618949,0.297878555,0,10.48576,1,,0.006737325,,,,252243,,,1177130,13.348431621,batch-cold-round-0,33776.29906463623,80,22.370357662,1213,18.295698642,8749,cold-step0-step1-aff-mine,109.228271104,7536,1,0,0,0,0,0,2186,10613,1233,1201,1201,1094,0,0,0,enforce,0.85,112610,53273,5377,5343,18221,6411,112610,53273,59337,2043107,1385635,94,1429373,True,18026.116775512695,0,1121,1,1,1201,1201,80,0,1094,1,12,2.128427947,19551,1681616,0.001731238797242498,2.134617437,1e-06,0,593,19551,14998,14405,8.839249169,80,False,False,14.921452735,80,clone,match,743,80,33c645db40d3ef299017131af23655d0232b25ceb1cb0f6a77f5efae61478596,a3540ecc5f8ebf7b6ef6399d33a1b9267aa4d3584834deb666035b8ae9381058,add,80,21643,94,20,131.598631409,0.08739295995606731,f5_mcorr_v283,newmine,/home/mdk/incremental-rule-discovery/exp2026_v7/sweeps/f5_mcorr_v283/extra_add/ncvoter_ml40/add15/results.csv,2026-09-11T11:22:02
h,add15,15,nocs,0,14.483790898,131.598631409,77.584133093,11.399013946,2.570958755,0.047122001,0.220603834,0,10.48576,1,,0.00321032,,,,252243,,,1177130,13.348431621,batch-cold-round-0,33776.29906463623,80,22.370357662,1213,18.295698642,8749,cold-step0-step1-aff-mine,109.228271104,7536,1,0,0,0,0,0,32407,164775,22022,,,1094,0,0,0,enforce,0.85,481632,207435,5377,27185,18221,6411,481632,207435,274197,2043107,1385635,90,1429373,True,18116.934112548828,0,1121,1,1,,,80,0,1094,1,12,2.570958755,19551,1681616,0.0001188847859413314,2.618080756,1e-06,0,14994,19551,14994,0,11.399013946,80,False,False,18.178438352,80,,,,,,,add,80,51868,90,20,131.598631409,0.11006034593920144,f5_mcorr_v283,newmine,/home/mdk/incremental-rule-discovery/exp2026_v7/sweeps/f5_mcorr_v283/extra_add/ncvoter_ml40/add15/results.csv,2026-09-11T11:22:02
h,add15,15,noaux,0,218.371337334,131.598631409,77.584133093,12.035399677,0,205.478526592,0.642393274,0,10.48576,1,,0.004201675,,,,252243,,,1177130,13.348431621,batch-cold-round-0,33776.29906463623,80,22.370357662,1213,18.295698642,8749,cold-step0-step1-aff-mine,109.228271104,7536,1,0,0,0,0,0,78183,78183,78183,,,0,0,0,0,enforce,0.85,0,0,5377,1026,18221,6411,77715,77715,0,2043107,1385635,2023,1429373,True,116515.47779083252,0,1121,1,1,,,2023,0,0,0,0,0,0,1681616,0.0026281739840118695,205.478526592,1e-06,468,0,0,0,0,12.035399677,80,False,False,220.61964059,80,,,,,,,add,80,76160,2023,20,131.598631409,1.6593739235426854,f5_mcorr_v283,newmine,/home/mdk/incremental-rule-discovery/exp2026_v7/sweeps/f5_mcorr_v283/extra_add/ncvoter_ml40/add15/results.csv,2026-09-11T11:22:02
h,add15,15,naive,0,303.678035914,134.860295421,83.537810218,16.484546363,0,286.296615043,0.793766901,0,10.48576,1,,0.003176039,,,,252243,,,1177130,13.562717042,batch-cold-round-0,35827.980728149414,80,20.557781089,1213,17.201977847,8749,cold-step0-step1-aff-mine,114.302513009,7536,1,0,0,0,0,0,78183,78183,78183,,,0,0,0,0,enforce,0.85,0,0,5377,1026,18221,6411,77715,77715,0,2043107,1385635,2023,1429373,True,79724.61196136475,0,1121,1,1,,,2023,0,0,0,0,0,0,1681616,0.0036618780942532262,286.296615043,1e-06,468,0,0,0,0,16.484546363,80,False,False,306.919607961,80,,,,,,,add,80,76160,2023,20,134.860295421,2.251797202178695,f5_mcorr_v283,newmine,/home/mdk/incremental-rule-discovery/exp2026_v7/sweeps/f5_mcorr_v283/extra_add/ncvoter_ml40/add15/results.csv,2026-09-11T11:22:02
h,add15,15,staticcorr,0,14.091956185,134.860295421,83.537810218,11.358817338,2.478569235,0.009431279,0,0,10.48576,1,,0,,,,252243,,,1177130,13.562717042,batch-cold-round-0,35827.980728149414,80,20.557781089,1213,17.201977847,8749,cold-step0-step1-aff-mine,114.302513009,7536,1,0,0,0,0,0,2186,10613,1233,,,1094,0,0,0,enforce,0.85,112610,53273,5377,5343,18221,6411,112610,53273,59337,2043107,1385635,88,1429373,True,18701.46950531006,0,1121,1,1,,,80,0,1094,1,12,2.478569235,19551,1681616,0.0020178430770478512,2.4880005140000003,1e-06,0,587,19551,14992,14405,11.358817338,80,False,False,17.722003492,80,,,,,,,add,80,21649,88,20,134.860295421,0.10449299507322338,f5_mcorr_v283,newmine,/home/mdk/incremental-rule-discovery/exp2026_v7/sweeps/f5_mcorr_v283/extra_add/ncvoter_ml40/add15/results.csv,2026-09-11T11:22:02
h,add20,20,pincminer,0,11.803273894,121.995387002,83.536878103,11.270902973,0.007929986,0.000868628,0.351651926,0,10.48576,1,,0.005550587,,,,336324,,,1177130,13.067747773,batch-cold-round-0,34383.989013671875,80,10.788658499,537,14.602087476,7906,cold-step0-step1-aff-mine,111.206721564,7369,1,0,0,0,2,0,659,830,407,1035,1035,925,14,18,0,enforce,0.85,84540,20169,5377,4016,15986,4372,84540,20169,64371,2290543,1385635,100,1513454,True,19645.39744567871,0,953,1,1,1035,1035,80,0,925,1,12,0.007929986,3524,1681616,2.1618216216216215e-05,0.008798614,1e-06,0,129,3524,1265,1136,11.270902973,80,False,False,15.071336347999999,80,fine-tune,match,743,80,bfae6053922ae1fdc37fc3db51f9f0553384dbd165953f366f5568cc6a7faf44,8e69725c845d9d90d09ad6475efbad5c94ab545b78190ff49463518bda2a7fcf,add,80,4083,100,20,121.995387002,0.09675180499904062,f5_mcorr_v283,newmine,/home/mdk/incremental-rule-discovery/exp2026_v7/sweeps/f5_mcorr_v283/extra_add/ncvoter_ml40/add20/results.csv,2026-09-11T11:22:02
h,add20,20,nocs,0,12.45137665,121.995387002,83.536878103,11.832614795,0.01061322,0.003830219,0.36178433,0,10.48576,1,,0.009953659,,,,336324,,,1177130,13.067747773,batch-cold-round-0,34383.989013671875,80,10.788658499,537,14.602087476,7906,cold-step0-step1-aff-mine,111.206721564,7369,1,0,0,0,2,0,1937,7948,1685,,,925,14,18,0,enforce,0.85,114026,27287,5377,5480,15986,4372,114026,27287,86739,2290543,1385635,95,1513454,True,19711.41778564453,0,953,1,1,,,80,0,925,1,12,0.01061322,3524,1681616,8.571773887240355e-06,0.014443438999999999,1e-06,0,1260,3524,1260,0,11.832614795,80,False,False,15.095965227,80,,,,,,,add,80,5366,95,20,121.995387002,0.10206432354524907,f5_mcorr_v283,newmine,/home/mdk/incremental-rule-discovery/exp2026_v7/sweeps/f5_mcorr_v283/extra_add/ncvoter_ml40/add20/results.csv,2026-09-11T11:22:02
h,add20,20,noaux,0,225.784604164,121.995387002,83.536878103,10.658050346,0,214.268070403,0.666300798,0,10.48576,1,,0.005729682,,,,336324,,,1177130,13.067747773,batch-cold-round-0,34383.989013671875,80,10.788658499,537,14.602087476,7906,cold-step0-step1-aff-mine,111.206721564,7369,1,0,0,0,2,0,78183,78183,78183,,,0,0,0,0,enforce,0.85,0,0,5377,883,15986,4372,77715,77715,0,2290543,1385635,2023,1513454,True,103853.8784790039,0,953,1,1,,,2023,0,0,0,0,0,0,1681616,0.0027405966821815483,214.268070403,1e-06,468,0,0,0,0,10.658050346,80,False,False,227.719470707,80,,,,,,,add,80,76160,2023,20,121.995387002,1.850763456820695,f5_mcorr_v283,newmine,/home/mdk/incremental-rule-discovery/exp2026_v7/sweeps/f5_mcorr_v283/extra_add/ncvoter_ml40/add20/results.csv,2026-09-11T11:22:02
h,add20,20,naive,0,323.385260678,130.461219444,87.857903238,14.890286195,0,307.73423253,0.677730162,0,10.48576,1,,0.002759378,,,,336324,,,1177130,13.379296201,batch-cold-round-0,36107.01737976074,80,12.203714742,537,17.020283655,7906,cold-step0-step1-aff-mine,118.257498246,7369,1,0,0,0,2,0,78183,78183,78183,,,0,0,0,0,enforce,0.85,0,0,5377,883,15986,4372,77715,77715,0,2290543,1385635,2023,1513454,True,107900.39994049072,0,953,1,1,,,2023,0,0,0,0,0,0,1681616,0.003936076033536702,307.73423253,1e-06,468,0,0,0,0,14.890286195,80,False,False,326.497124547,80,,,,,,,add,80,76160,2023,20,130.461219444,2.478784592511125,f5_mcorr_v283,newmine,/home/mdk/incremental-rule-discovery/exp2026_v7/sweeps/f5_mcorr_v283/extra_add/ncvoter_ml40/add20/results.csv,2026-09-11T11:22:02
h,add20,20,staticcorr,0,13.168206783,130.461219444,87.857903238,12.909079314,0.033209099,0.00459257,0,0,10.48576,1,,0,,,,336324,,,1177130,13.379296201,batch-cold-round-0,36107.01737976074,80,12.203714742,537,17.020283655,7906,cold-step0-step1-aff-mine,118.257498246,7369,1,0,0,0,2,0,1714,6750,1022,,,925,0,0,0,enforce,0.85,98753,37706,5377,4685,15986,4372,98753,37706,61047,2290543,1385635,85,1513454,True,19135.980766296387,0,953,1,1,,,80,0,925,1,12,0.033209099,13902,1681616,3.698793444227005e-05,0.037801668999999996,1e-06,0,408,13902,10818,10410,12.909079314,80,False,False,16.121781281,80,,,,,,,add,80,15531,85,20,130.461219444,0.10093579409360347,f5_mcorr_v283,newmine,/home/mdk/incremental-rule-discovery/exp2026_v7/sweeps/f5_mcorr_v283/extra_add/ncvoter_ml40/add20/results.csv,2026-09-11T11:22:02
h,add30,30,pincminer,0,18.226655675,120.120236118,68.607376067,14.302575941,3.344201009,0.013155557,0.477371167,0,10.48576,1,,0.002548374,,,,504485,,,1177131,16.562094298,batch-cold-round-0,36836.06620025635,80,20.589696509,1213,14.36105793,8749,cold-step0-step1-aff-mine,99.530537974,7536,1,0,0,0,0,0,2186,10613,1233,1201,1201,1094,0,0,0,enforce,0.85,112610,53273,5377,5343,18221,6411,112610,53273,59337,2827832,1385637,84,1681616,True,23272.87826538086,0,1121,1,1,1201,1201,80,0,1094,1,12,3.344201009,19551,1681616,0.0027229169229521493,3.357356566,1e-06,0,583,19551,14988,14405,14.302575941,80,False,False,21.108213941,80,clone,match,743,80,33c645db40d3ef299017131af23655d0232b25ceb1cb0f6a77f5efae61478596,e34172bbfcb8c4161a9560e0d6c08b2d9779bc8f922ba13297f09259e10bff2a,add,80,21653,84,20,120.120236118,0.15173676196486213,f5_mcorr_v283,newmine,/home/mdk/incremental-rule-discovery/exp2026_v7/sweeps/f5_mcorr_v283/extra_add/ncvoter_ml40/add30/results.csv,2026-09-11T11:22:02
h,add30,30,nocs,0,18.325440328,120.120236118,68.607376067,14.971239214,2.927128062,0.095586054,0.201964639,0,10.48576,1,,0.002401019,,,,504485,,,1177131,16.562094298,batch-cold-round-0,36836.06620025635,80,20.589696509,1213,14.36105793,8749,cold-step0-step1-aff-mine,99.530537974,7536,1,0,0,0,0,0,32407,164775,22022,,,1094,0,0,0,enforce,0.85,481632,207435,5377,27185,18221,6411,481632,207435,274197,2827832,1385637,91,1681616,True,22871.1484375,0,1121,1,1,,,80,0,1094,1,12,2.927128062,19551,1681616,0.0001372588373444737,3.022714116,1e-06,0,14995,19551,14995,0,14.971239214,80,False,False,21.31919974,80,,,,,,,add,80,51867,91,20,120.120236118,0.1525591434069279,f5_mcorr_v283,newmine,/home/mdk/incremental-rule-discovery/exp2026_v7/sweeps/f5_mcorr_v283/extra_add/ncvoter_ml40/add30/results.csv,2026-09-11T11:22:02
h,add30,30,noaux,0,205.774515306,120.120236118,68.607376067,13.292255282,0,191.853405466,0.539140681,0,10.48576,1,,0.002608817,,,,504485,,,1177131,16.562094298,batch-cold-round-0,36836.06620025635,80,20.589696509,1213,14.36105793,8749,cold-step0-step1-aff-mine,99.530537974,7536,1,0,0,0,0,0,78183,78183,78183,,,0,0,0,0,enforce,0.85,0,0,5377,1026,18221,6411,77715,77715,0,2827832,1385637,2023,1681616,True,114140.52333831787,0,1121,1,1,,,2023,0,0,0,0,0,0,1681616,0.0024539018132586367,191.853405466,1e-06,468,0,0,0,0,13.292255282,80,False,False,207.725286641,80,,,,,,,add,80,76160,2023,20,120.120236118,1.713071185639842,f5_mcorr_v283,newmine,/home/mdk/incremental-rule-discovery/exp2026_v7/sweeps/f5_mcorr_v283/extra_add/ncvoter_ml40/add30/results.csv,2026-09-11T11:22:02
h,add30,30,naive,0,291.51605128,116.248658394,68.766396986,19.898044285,0,270.931913072,0.601393499,0,10.48576,1,,0.002552844,,,,504485,,,1177131,14.70468284,batch-cold-round-0,36712.176513671875,80,18.551167979,1213,14.226382097,8749,cold-step0-step1-aff-mine,97.697489285,7536,1,0,0,0,0,0,78183,78183,78183,,,0,0,0,0,enforce,0.85,0,0,5377,1026,18221,6411,77715,77715,0,2827832,1385637,2023,1681616,True,118579.82579803467,0,1121,1,1,,,2023,0,0,0,0,0,0,1681616,0.0034653558071703564,270.931913072,1e-06,468,0,0,0,0,19.898044285,80,False,False,294.711402576,80,,,,,,,add,80,76160,2023,20,116.248658394,2.5076938977821888,f5_mcorr_v283,newmine,/home/mdk/incremental-rule-discovery/exp2026_v7/sweeps/f5_mcorr_v283/extra_add/ncvoter_ml40/add30/results.csv,2026-09-11T11:22:02
h,add30,30,staticcorr,0,12.859109183,116.248658394,68.766396986,10.608676088,2.172761226,0.011941777,0,0,10.48576,1,,0,,,,504485,,,1177131,14.70468284,batch-cold-round-0,36712.176513671875,80,18.551167979,1213,14.226382097,8749,cold-step0-step1-aff-mine,97.697489285,7536,1,0,0,0,0,0,2186,10613,1233,,,1094,0,0,0,enforce,0.85,112610,53273,5377,5343,18221,6411,112610,53273,59337,2827832,1385637,100,1681616,True,23686.67088317871,0,1121,1,1,,,80,0,1094,1,12,2.172761226,19551,1681616,0.0017718596942416871,2.184703003,1e-06,0,599,19551,15004,14405,10.608676088,80,False,False,15.610894004,80,,,,,,,add,80,21637,100,20,116.248658394,0.11061726957240912,f5_mcorr_v283,newmine,/home/mdk/incremental-rule-discovery/exp2026_v7/sweeps/f5_mcorr_v283/extra_add/ncvoter_ml40/add30/results.csv,2026-09-11T11:22:02
i,del1,1,pincminer,0,9.034517208,127.09599697,84.686731509,6.248382228,2.373387809,0.007143644,0.26933358,0,10.48576,1,,0.003036082,,,,0,,,1681616,8.08709818,batch-cold-round-0,38282.56558227539,80,17.893267905,1213,16.42888493,8749,cold-step0-step1-aff-mine,109.202726757,7536,1,16817,0,0,0,0,2186,10613,1233,1201,1201,1094,0,0,0,enforce,0.85,112610,53273,5377,5343,18221,6411,112610,53273,59337,2771555,2827832,100,1664799,True,14837.399703979492,0,1121,1,1,1201,1201,80,0,1094,1,12,2.373387809,19551,1681616,0.0019306824436334145,2.380531453,1e-06,0,599,19551,15004,14405,6.248382228,80,False,False,11.308508998,80,clone,match,743,80,33c645db40d3ef299017131af23655d0232b25ceb1cb0f6a77f5efae61478596,1ebf97a2a303ecff06550fdc3e393de26d09219c033e828e6a2e8f1db14b65c8,delete,80,21637,100,20,127.09599697,0.07108419952937248,f5_mcorr_v283,newmine,/home/mdk/incremental-rule-discovery/exp2026_v7/sweeps/f5_mcorr_v283/extra_delete/ncvoter_ml40/del1/results.csv,2026-09-11T11:22:02
i,del1,1,nocs,0,8.305518479,127.09599697,84.686731509,5.690825587,2.158565579,0.676629362,0.267368958,0,10.48576,1,,0.003004885,,,,0,,,1681616,8.08709818,batch-cold-round-0,38282.56558227539,80,17.893267905,1213,16.42888493,8749,cold-step0-step1-aff-mine,109.202726757,7536,1,16817,0,0,0,0,32407,164775,22022,,,1094,0,0,0,enforce,0.85,481632,207435,5377,27185,18221,6411,481632,207435,274197,2771555,2827832,83,1664799,True,15420.049865722656,0,1121,1,1,,,80,0,1094,1,12,2.158565579,19551,1681616,0.00012874375356461718,2.8351949409999997,1e-06,0,14987,19551,14987,0,5.690825587,80,False,False,10.600601177,80,,,,,,,delete,80,51875,83,20,127.09599697,0.06534838765189789,f5_mcorr_v283,newmine,/home/mdk/incremental-rule-discovery/exp2026_v7/sweeps/f5_mcorr_v283/extra_delete/ncvoter_ml40/del1/results.csv,2026-09-11T11:22:02
i,del1,1,noaux,0,171.153740688,127.09599697,84.686731509,5.661672599,0,164.921449749,0.478736925,0,10.48576,1,,0.002814397,,,,0,,,1681616,8.08709818,batch-cold-round-0,38282.56558227539,80,17.893267905,1213,16.42888493,8749,cold-step0-step1-aff-mine,109.202726757,7536,1,16817,0,0,0,0,78183,78183,78183,,,0,0,0,0,enforce,0.85,0,0,5377,1026,18221,6411,77715,77715,0,2771555,2827832,2023,1664799,True,113152.84688568115,0,1121,1,1,,,2023,0,0,0,0,0,0,1681616,0.0021094285170561375,164.921449749,1e-06,468,0,0,0,0,5.661672599,80,False,False,172.59247606,80,,,,,,,delete,80,76160,2023,20,127.09599697,1.3466493419804517,f5_mcorr_v283,newmine,/home/mdk/incremental-rule-discovery/exp2026_v7/sweeps/f5_mcorr_v283/extra_delete/ncvoter_ml40/del1/results.csv,2026-09-11T11:22:02
i,del1,1,staticcorr,0,9.481769211,18.190109649,0,7.042512172,2.36237703,0.009303762,0,0,10.48576,1,,0,,,,0,,,1681616,0,batch,31952.65769958496,80,18.190104833,1213,0,1213,shared-base-mine,0,0,1,16817,0,0,0,0,2186,10613,1233,,,1094,0,0,0,enforce,0.85,112610,53273,5377,5343,18221,6411,112610,53273,59337,2771555,2827832,82,1664799,True,15306.162475585938,0,1121,1,1,,,80,0,1094,1,12,2.36237703,19551,1681616,0.0019235042919708031,2.3716807920000003,1e-06,0,581,19551,14986,14405,7.042512172,80,False,False,11.761669442,80,,,,,,,delete,80,21655,82,20,18.190109649,0.5212595962290563,f5_mcorr_v283,newmine,/home/mdk/incremental-rule-discovery/exp2026_v7/sweeps/f5_mcorr_v283/extra_delete/ncvoter_ml40/del1/results.csv,2026-09-11T11:22:02
i,del1,1,naive,0,344.182881238,149.722384733,95.10896267,13.868675754,0,329.607659624,0.596859505,0,10.48576,1,,0.003473949,,,,0,,,1681616,7.867160059,batch-cold-round-0,35557.10334777832,80,21.928392536,1213,24.817852601,8749,cold-step0-step1-aff-mine,127.793990689,7536,1,16817,0,0,0,0,78183,78183,78183,,,0,0,0,0,enforce,0.85,0,0,5377,1026,18221,6411,77715,77715,0,2771555,2827832,2023,1664799,True,104504.35092163086,0,1121,1,1,,,2023,0,0,0,0,0,0,1681616,0.004215848197485387,329.607659624,1e-06,468,0,0,0,0,13.868675754,80,False,False,347.361030919,80,,,,,,,delete,80,76160,2023,20,149.722384733,2.2988071012346047,f5_mcorr_v283,newmine,/home/mdk/incremental-rule-discovery/exp2026_v7/sweeps/f5_mcorr_v283/extra_delete/ncvoter_ml40/del1/results.csv,2026-09-11T11:22:02
i,del5,5,pincminer,0,8.674323334,112.159359619,72.346888417,6.528424231,1.800073509,0.007418955,0.267078036,0,10.48576,1,,0.00232178,,,,0,,,1681616,8.754037359,batch-cold-round-0,36492.855812072754,80,15.769542562,1213,15.288880023,8749,cold-step0-step1-aff-mine,96.389815205,7536,1,84081,0,0,0,0,2186,10613,1233,1201,1201,1094,0,0,0,enforce,0.85,112610,53273,5377,5343,18221,6411,112610,53273,59337,2552118,2827832,110,1597535,True,15587.090728759766,0,1121,1,1,1201,1201,80,0,1094,1,12,1.800073509,19551,1681616,0.0014659306277372262,1.8074924639999999,1e-06,0,609,19551,15014,14405,6.528424231,80,False,False,10.593584638,80,clone,match,743,80,33c645db40d3ef299017131af23655d0232b25ceb1cb0f6a77f5efae61478596,76120e8a05d6ca03cc5d1f6404a42486af0b88ea89a1c11a17dd7e536b423666,delete,80,21627,110,20,112.159359619,0.07733927300821138,f5_mcorr_v283,newmine,/home/mdk/incremental-rule-discovery/exp2026_v7/sweeps/f5_mcorr_v283/extra_delete/ncvoter_ml40/del5/results.csv,2026-09-11T11:22:02
i,del5,5,nocs,0,8.408613142,112.159359619,72.346888417,5.865676375,2.085790238,0.059230559,0.231547475,0,10.48576,1,,0.00236772,,,,0,,,1681616,8.754037359,batch-cold-round-0,36492.855812072754,80,15.769542562,1213,15.288880023,8749,cold-step0-step1-aff-mine,96.389815205,7536,1,84081,0,0,0,0,32407,164775,22022,,,1094,0,0,0,enforce,0.85,481632,207435,5377,27185,18221,6411,481632,207435,274197,2552118,2827832,99,1597535,True,16158.95036315918,0,1121,1,1,,,80,0,1094,1,12,2.085790238,19551,1681616,9.740354177640541e-05,2.145020797,1e-06,0,15003,19551,15003,0,5.865676375,80,False,False,10.918792037,80,,,,,,,delete,80,51859,99,20,112.159359619,0.07497023137938429,f5_mcorr_v283,newmine,/home/mdk/incremental-rule-discovery/exp2026_v7/sweeps/f5_mcorr_v283/extra_delete/ncvoter_ml40/del5/results.csv,2026-09-11T11:22:02
i,del5,5,noaux,0,142.619984586,112.159359619,72.346888417,5.891742972,0,136.050018776,0.566932884,0,10.48576,1,,0.002295128,,,,0,,,1681616,8.754037359,batch-cold-round-0,36492.855812072754,80,15.769542562,1213,15.288880023,8749,cold-step0-step1-aff-mine,96.389815205,7536,1,84081,0,0,0,0,78183,78183,78183,,,0,0,0,0,enforce,0.85,0,0,5377,1026,18221,6411,77715,77715,0,2552118,2827832,2023,1597535,True,108430.39757537842,0,1121,1,1,,,2023,0,0,0,0,0,0,1681616,0.001740148354194646,136.050018776,1e-06,468,0,0,0,0,5.891742972,80,False,False,143.93547565,80,,,,,,,delete,80,76160,2023,20,112.159359619,1.271583442259953,f5_mcorr_v283,newmine,/home/mdk/incremental-rule-discovery/exp2026_v7/sweeps/f5_mcorr_v283/extra_delete/ncvoter_ml40/del5/results.csv,2026-09-11T11:22:02
i,del5,5,staticcorr,0,8.251273453,15.240972225,0,6.383493061,1.756390556,0.009798831,0,0,10.48576,1,,0,,,,0,,,1681616,0,batch,30635.088989257812,80,15.240968834,1213,0,1213,shared-base-mine,0,0,1,84081,0,0,0,0,2186,10613,1233,,,1094,0,0,0,enforce,0.85,112610,53273,5377,5343,18221,6411,112610,53273,59337,2552118,2827832,85,1597535,True,15425.458808898926,0,1121,1,1,,,80,0,1094,1,12,1.756390556,19551,1681616,0.0014324325928629358,1.7661893869999998,1e-06,0,584,19551,14989,14405,6.383493061,80,False,False,10.244879034,80,,,,,,,delete,80,21652,85,20,15.240972225,0.5413876051466919,f5_mcorr_v283,newmine,/home/mdk/incremental-rule-discovery/exp2026_v7/sweeps/f5_mcorr_v283/extra_delete/ncvoter_ml40/del5/results.csv,2026-09-11T11:22:02
i,del5,5,naive,0,347.626899206,185.662490922,125.82043485,10.862270051,0,335.233482514,1.352709104,0,10.48576,1,,0.004284842,,,,0,,,1681616,11.416366918,batch-cold-round-0,38299.88508605957,80,24.054446047,1213,24.37123286,8749,cold-step0-step1-aff-mine,161.608043096,7536,1,84081,0,0,0,0,78183,78183,78183,,,0,0,0,0,enforce,0.85,0,0,5377,1026,18221,6411,77715,77715,0,2552118,2827832,2023,1597535,True,78759.29691314697,0,1121,1,1,,,2023,0,0,0,0,0,0,1681616,0.004287805309517414,335.233482514,1e-06,468,0,0,0,0,10.862270051,80,False,False,350.017166503,80,,,,,,,delete,80,76160,2023,20,185.662490922,1.8723593412955128,f5_mcorr_v283,newmine,/home/mdk/incremental-rule-discovery/exp2026_v7/sweeps/f5_mcorr_v283/extra_delete/ncvoter_ml40/del5/results.csv,2026-09-11T11:22:02
i,del15,15,pincminer,0,13.956399288,141.599474642,93.244523526,11.682111527,1.948383891,0.006325721,0.233603916,0,10.48576,1,,0.002517922,,,,0,,,1681616,12.343377006,batch-cold-round-0,37729.620513916016,80,16.976316862,1213,19.03524691,8749,cold-step0-step1-aff-mine,124.623156677,7536,1,252243,0,0,0,0,2882,15369,1697,1201,1201,1094,0,0,0,enforce,0.85,119106,58029,5377,5807,18221,6411,119106,58029,61077,2043107,2827832,100,1429373,True,16036.923667907715,0,1121,1,1,1201,1201,80,0,1094,1,12,1.948383891,19551,1681616,0.0011518618809664113,1.954709612,1e-06,0,706,19551,15004,14298,11.682111527,80,False,False,16.447259462,80,clone,match,743,80,33c645db40d3ef299017131af23655d0232b25ceb1cb0f6a77f5efae61478596,a3540ecc5f8ebf7b6ef6399d33a1b9267aa4d3584834deb666035b8ae9381058,delete,80,22333,100,20,141.599474642,0.09856250754662317,f5_mcorr_v283,newmine,/home/mdk/incremental-rule-discovery/exp2026_v7/sweeps/f5_mcorr_v283/extra_delete/ncvoter_ml40/del15/results.csv,2026-09-11T11:22:02
i,del15,15,nocs,0,13.978310629,141.599474642,93.244523526,11.539880263,2.094036059,0.054425573,0.195725059,0,10.48576,1,,0.002459054,,,,0,,,1681616,12.343377006,batch-cold-round-0,37729.620513916016,80,16.976316862,1213,19.03524691,8749,cold-step0-step1-aff-mine,124.623156677,7536,1,252243,0,0,0,0,32407,164775,22022,,,1094,0,0,0,enforce,0.85,481632,207435,5377,27185,18221,6411,481632,207435,274197,2043107,2827832,106,1429373,True,18523.29354095459,0,1121,1,1,,,80,0,1094,1,12,2.094036059,19551,1681616,9.755978712196894e-05,2.148461632,1e-06,0,15010,19551,15010,0,11.539880263,80,False,False,16.530270994,80,,,,,,,delete,80,51852,106,20,141.599474642,0.09871724922949592,f5_mcorr_v283,newmine,/home/mdk/incremental-rule-discovery/exp2026_v7/sweeps/f5_mcorr_v283/extra_delete/ncvoter_ml40/del15/results.csv,2026-09-11T11:22:02
i,del15,15,noaux,0,170.058078399,141.599474642,93.244523526,12.371616848,0,157.030913954,0.573343553,0,10.48576,1,,0.002772533,,,,0,,,1681616,12.343377006,batch-cold-round-0,37729.620513916016,80,16.976316862,1213,19.03524691,8749,cold-step0-step1-aff-mine,124.623156677,7536,1,252243,0,0,0,0,78183,78183,78183,,,0,0,0,0,enforce,0.85,0,0,5377,1026,18221,6411,77715,77715,0,2043107,2827832,2023,1429373,True,98832.35414886475,0,1121,1,1,,,2023,0,0,0,0,0,0,1681616,0.002008504584807439,157.030913954,1e-06,468,0,0,0,0,12.371616848,80,False,False,171.865325918,80,,,,,,,delete,80,76160,2023,20,141.599474642,1.200979585757297,f5_mcorr_v283,newmine,/home/mdk/incremental-rule-discovery/exp2026_v7/sweeps/f5_mcorr_v283/extra_delete/ncvoter_ml40/del15/results.csv,2026-09-11T11:22:02
i,del15,15,staticcorr,0,14.837387286,22.372467821,0,12.342156041,2.401248109,0.01234796,0,0,10.48576,1,,0,,,,0,,,1681616,0,batch,29702.124099731445,80,22.372463428,1213,0,1213,shared-base-mine,0,0,1,252243,0,0,0,0,2882,15369,1697,,,1094,0,0,0,enforce,0.85,119106,58029,5377,5807,18221,6411,119106,58029,61077,2043107,2827832,98,1429373,True,16826.05484008789,0,1121,1,1,,,80,0,1094,1,12,2.401248109,19551,1681616,0.0014222722857984678,2.413596069,1e-06,0,704,19551,15002,14298,12.342156041,80,False,False,18.235309386,80,,,,,,,delete,80,22335,98,20,22.372467821,0.6631985083055,f5_mcorr_v283,newmine,/home/mdk/incremental-rule-discovery/exp2026_v7/sweeps/f5_mcorr_v283/extra_delete/ncvoter_ml40/del15/results.csv,2026-09-11T11:22:02
i,del15,15,naive,0,214.081284661,130.33355433,84.169509956,13.166209372,0,200.313044756,0.52009711,0,10.48576,1,,0.002383192,,,,0,,,1681616,10.874830012,batch-cold-round-0,39541.56714630127,80,15.74970094,1213,19.539502775,8749,cold-step0-step1-aff-mine,114.583852233,7536,1,252243,0,0,0,0,78183,78183,78183,,,0,0,0,0,enforce,0.85,0,0,5377,1026,18221,6411,77715,77715,0,2043107,2827832,2023,1429373,True,96980.56085968018,0,1121,1,1,,,2023,0,0,0,0,0,0,1681616,0.0025621048662241154,200.313044756,1e-06,468,0,0,0,0,13.166209372,80,False,False,216.66558563,80,,,,,,,delete,80,76160,2023,20,130.33355433,1.6425646163147956,f5_mcorr_v283,newmine,/home/mdk/incremental-rule-discovery/exp2026_v7/sweeps/f5_mcorr_v283/extra_delete/ncvoter_ml40/del15/results.csv,2026-09-11T11:22:02
i,del20,20,pincminer,0,11.2379085,108.150964346,71.511045052,9.179473045,1.72272581,0.008153278,0.248396648,0,10.48576,1,,0.002352891,,,,0,,,1681616,9.775906514999999,batch-cold-round-0,38560.07376098633,80,11.821675989,1213,15.042324291,8749,cold-step0-step1-aff-mine,96.329287264,7536,1,336324,0,0,0,0,2882,15369,1697,1201,1201,1094,0,0,0,enforce,0.85,119106,58029,5377,5807,18221,6411,119106,58029,61077,1809810,2827832,84,1345292,True,15711.627052307129,0,1121,1,1,1201,1201,80,0,1094,1,12,1.72272581,19551,1681616,0.0010199641060695344,1.730879088,1e-06,0,715,19551,14988,14273,9.179473045,80,False,False,13.46170209,80,clone,match,743,80,33c645db40d3ef299017131af23655d0232b25ceb1cb0f6a77f5efae61478596,87698cc035553cef821b0c745cd5714e9d0a2e0b95256132ccdda9a099a74aa5,delete,80,22349,84,20,108.150964346,0.10390946181531333,f5_mcorr_v283,newmine,/home/mdk/incremental-rule-discovery/exp2026_v7/sweeps/f5_mcorr_v283/extra_delete/ncvoter_ml40/del20/results.csv,2026-09-11T11:22:02
i,del20,20,nocs,0,10.826628979,108.150964346,71.511045052,8.914875838,1.508199867,0.051973101,0.251118594,0,10.48576,1,,0.002389663,,,,0,,,1681616,9.775906514999999,batch-cold-round-0,38560.07376098633,80,11.821675989,1213,15.042324291,8749,cold-step0-step1-aff-mine,96.329287264,7536,1,336324,0,0,0,0,32407,164775,22022,,,1094,0,0,0,enforce,0.85,481632,207435,5377,27185,18221,6411,481632,207435,274197,1809810,2827832,89,1345292,True,18304.08514404297,0,1121,1,1,,,80,0,1094,1,12,1.508199867,19551,1681616,7.084610698392517e-05,1.560172968,1e-06,0,14993,19551,14993,0,8.914875838,80,False,False,12.738633638,80,,,,,,,delete,80,51869,89,20,108.150964346,0.10010663376392194,f5_mcorr_v283,newmine,/home/mdk/incremental-rule-discovery/exp2026_v7/sweeps/f5_mcorr_v283/extra_delete/ncvoter_ml40/del20/results.csv,2026-09-11T11:22:02
i,del20,20,noaux,0,128.342353834,108.150964346,71.511045052,8.969831819,0,118.81365711,0.477154284,0,10.48576,1,,0.002431844,,,,0,,,1681616,9.775906514999999,batch-cold-round-0,38560.07376098633,80,11.821675989,1213,15.042324291,8749,cold-step0-step1-aff-mine,96.329287264,7536,1,336324,0,0,0,0,78183,78183,78183,,,0,0,0,0,enforce,0.85,0,0,5377,1026,18221,6411,77715,77715,0,1809810,2827832,2023,1345292,True,96885.22428131104,0,1121,1,1,,,2023,0,0,0,0,0,0,1681616,0.0015196865956793675,118.81365711,1e-06,468,0,0,0,0,8.969831819,80,False,False,129.76792841,80,,,,,,,delete,80,76160,2023,20,108.150964346,1.1866963425624488,f5_mcorr_v283,newmine,/home/mdk/incremental-rule-discovery/exp2026_v7/sweeps/f5_mcorr_v283/extra_delete/ncvoter_ml40/del20/results.csv,2026-09-11T11:22:02
i,del20,20,staticcorr,0,10.937072518,12.414635503,0,9.216505244,1.651679567,0.007517738,0,0,10.48576,1,,0,,,,0,,,1681616,0,batch,26796.59925842285,80,12.41462767,1213,0,1213,shared-base-mine,0,0,1,336324,0,0,0,0,2882,15369,1697,,,1094,0,0,0,enforce,0.85,119106,58029,5377,5807,18221,6411,119106,58029,61077,1809810,2827832,96,1345292,True,16064.413452148438,0,1121,1,1,,,80,0,1094,1,12,1.651679567,19551,1681616,0.000977723809664113,1.659197305,1e-06,0,727,19551,15000,14273,9.216505244,80,False,False,13.093239181,80,,,,,,,delete,80,22337,96,20,12.414635503,0.8809821694206853,f5_mcorr_v283,newmine,/home/mdk/incremental-rule-discovery/exp2026_v7/sweeps/f5_mcorr_v283/extra_delete/ncvoter_ml40/del20/results.csv,2026-09-11T11:22:02
i,del20,20,naive,0,303.631476505,149.20006386,100.816316973,19.813972392,0,282.843924246,0.827819118,0,10.48576,1,,0.00330008,,,,0,,,1681616,12.152790327,batch-cold-round-0,39255.68283081055,80,15.716053626,1213,20.514889391,8749,cold-step0-step1-aff-mine,133.484009141,7536,1,336324,0,0,0,0,78183,78183,78183,,,0,0,0,0,enforce,0.85,0,0,5377,1026,18221,6411,77715,77715,0,1809810,2827832,2023,1345292,True,90735.67752075195,0,1121,1,1,,,2023,0,0,0,0,0,0,1681616,0.0036177164376654768,282.843924246,1e-06,468,0,0,0,0,19.813972392,80,False,False,307.412815417,80,,,,,,,delete,80,76160,2023,20,149.20006386,2.0350626444095146,f5_mcorr_v283,newmine,/home/mdk/incremental-rule-discovery/exp2026_v7/sweeps/f5_mcorr_v283/extra_delete/ncvoter_ml40/del20/results.csv,2026-09-11T11:22:02
i,del30,30,pincminer,0,12.954817007,114.426748415,75.870779055,10.711407219,1.894795395,0.022612545,0.24498032,0,10.48576,1,,0.002354972,,,,0,,,1681616,12.556778973,batch-cold-round-0,35314.09176635742,80,10.696991222,1213,15.302180488,8749,cold-step0-step1-aff-mine,103.729756297,7536,1,504485,0,0,0,0,2882,15369,1697,1201,1201,1094,0,0,0,enforce,0.85,119106,58029,5377,5807,18221,6411,119106,58029,61077,1385637,2827832,91,1177131,True,16512.17041015625,0,1121,1,1,1201,1201,80,0,1094,1,12,1.894795395,19551,1681616,0.0011298809310548027,1.9174079400000001,1e-06,0,739,19551,14995,14256,10.711407219,80,False,False,15.739239244,80,clone,match,743,80,33c645db40d3ef299017131af23655d0232b25ceb1cb0f6a77f5efae61478596,bd1d335a5555091dde9cb819e25fd1aa18a03072b69effe267afee740cb0119b,delete,80,22342,91,20,114.426748415,0.11321493607435039,f5_mcorr_v283,newmine,/home/mdk/incremental-rule-discovery/exp2026_v7/sweeps/f5_mcorr_v283/extra_delete/ncvoter_ml40/del30/results.csv,2026-09-11T11:22:02
i,del30,30,nocs,0,19.966434605,178.122184625,118.290132073,16.399725233,3.025181237,0.085771446,0.297146668,0,10.48576,1,,0.003054476,,,,0,,,1681616,18.865606604,batch-cold-round-0,37308.716537475586,80,16.484674186,1213,24.481756237,8749,cold-step0-step1-aff-mine,161.637509419,7536,1,504485,0,0,0,0,32407,164775,22022,,,1094,0,0,0,enforce,0.85,481632,207435,5377,27185,18221,6411,481632,207435,274197,1385637,2827832,88,1177131,True,18912.149253845215,0,1121,1,1,,,80,0,1094,1,12,3.025181237,19551,1681616,0.00014126567446190173,3.110952683,1e-06,0,14992,19551,14992,0,16.399725233,80,False,False,22.724229034,80,,,,,,,delete,80,51870,88,20,178.122184625,0.11209403616419406,f5_mcorr_v283,newmine,/home/mdk/incremental-rule-discovery/exp2026_v7/sweeps/f5_mcorr_v283/extra_delete/ncvoter_ml40/del30/results.csv,2026-09-11T11:22:02
i,del30,30,noaux,0,174.380155489,178.122184625,118.290132073,16.207495567,0,157.486243985,0.585891787,0,10.48576,1,,0.003013618,,,,0,,,1681616,18.865606604,batch-cold-round-0,37308.716537475586,80,16.484674186,1213,24.481756237,8749,cold-step0-step1-aff-mine,161.637509419,7536,1,504485,0,0,0,0,78183,78183,78183,,,0,0,0,0,enforce,0.85,0,0,5377,1026,18221,6411,77715,77715,0,1385637,2827832,2023,1177131,True,87785.35121917725,0,1121,1,1,,,2023,0,0,0,0,0,0,1681616,0.0020143284855403346,157.486243985,1e-06,468,0,0,0,0,16.207495567,80,False,False,176.238842739,80,,,,,,,delete,80,76160,2023,20,178.122184625,0.9789917850834916,f5_mcorr_v283,newmine,/home/mdk/incremental-rule-discovery/exp2026_v7/sweeps/f5_mcorr_v283/extra_delete/ncvoter_ml40/del30/results.csv,2026-09-11T11:22:02
i,del30,30,staticcorr,0,12.984285233,10.92641902,0,10.850761737,2.052185449,0.017668971,0,0,10.48576,1,,0,,,,0,,,1681616,0,batch,25949.337425231934,80,10.926415046,1213,0,1213,shared-base-mine,0,0,1,504485,0,0,0,0,2882,15369,1697,,,1094,0,0,0,enforce,0.85,119106,58029,5377,5807,18221,6411,119106,58029,61077,1385637,2827832,99,1177131,True,19057.33405303955,0,1121,1,1,,,80,0,1094,1,12,2.052185449,19551,1681616,0.0012197138597525043,2.06985442,1e-06,0,747,19551,15003,14256,10.850761737,80,False,False,15.371157638,80,,,,,,,delete,80,22334,99,20,10.92641902,1.1883385772807382,f5_mcorr_v283,newmine,/home/mdk/incremental-rule-discovery/exp2026_v7/sweeps/f5_mcorr_v283/extra_delete/ncvoter_ml40/del30/results.csv,2026-09-11T11:22:02
i,del30,30,naive,0,211.865467667,136.712835346,90.66468196,17.058353286,0,194.111529362,0.612017785,0,10.48576,1,,0.002534431,,,,0,,,1681616,13.80149022,batch-cold-round-0,36699.794921875,80,13.482190842,1213,18.764457619,8749,cold-step0-step1-aff-mine,123.230643331,7536,1,504485,0,0,0,0,78183,78183,78183,,,0,0,0,0,enforce,0.85,0,0,5377,1026,18221,6411,77715,77715,0,1385637,2827832,2023,1177131,True,84560.3292312622,0,1121,1,1,,,2023,0,0,0,0,0,0,1681616,0.0024827843567271656,194.111529362,1e-06,468,0,0,0,0,17.058353286,80,False,False,215.114012343,80,,,,,,,delete,80,76160,2023,20,136.712835346,1.5497116063082137,f5_mcorr_v283,newmine,/home/mdk/incremental-rule-discovery/exp2026_v7/sweeps/f5_mcorr_v283/extra_delete/ncvoter_ml40/del30/results.csv,2026-09-11T11:22:02
j,add1,1,pincminer,0,19.47587195,200.738884832,139.917304206,6.731427528,8.447869468,2.969600931,0.56669211,0.080693373,10.48576,1,,0.005928296,,,,16816,,,1177131,7.828673804,batch-cold-round-0,34654.249938964844,80,26.553881545,1213,26.439005942,8749,cold-step0-step1-aff-mine,174.185001488,7536,1,0,0,1,0,0,2186,10613,1233,1201,1201,1094,0,0,0,enforce,0.85,112610,53273,5377,5343,18221,6411,112610,53273,59337,1425509,1385637,90,1193947,True,24490.763442993164,0,1121,1,1,1201,1201,81,0,1094,1,12,8.447869468,19551,1681616,0.009259911110300082,11.417470399,1e-06,0,588,19551,14993,14405,6.731427528,81,False,False,22.917823034,80,clone,match,743,80,33c645db40d3ef299017131af23655d0232b25ceb1cb0f6a77f5efae61478596,338411b9494efefd31b7db399081d7d8f928258738f3bb956cbcc4b9ce2ccdc1,add,81,21648,89,20,200.738884832,0.09702092330690944,f5_mcorr_v283,newmine,/home/mdk/incremental-rule-discovery/exp2026_v7/sweeps/f5_mcorr_v283/j_sigma_sweep/sig1e-6/ncvoter_ml40/add1/results.csv,2026-09-11T11:22:02
j,add5,5,pincminer,0,16.926253737,140.709135975,100.682506556,5.918614289,6.087368196,0.255732826,0.394435606,2.87907603,10.48576,1,,0.002299141,,,,84080,,,1177131,5.8499463689999995,batch-cold-round-0,35983.79291534424,80,16.172657038,1213,18.004009368,8749,cold-step0-step1-aff-mine,124.536477802,7536,1,0,0,0,0,0,2186,10613,1233,1201,1201,1094,0,0,0,enforce,0.85,112610,53273,5377,5343,18221,6411,112610,53273,59337,1590653,1385637,80,1261211,True,24797.138610839844,0,1121,1,1,1201,1201,80,0,1094,1,12,6.087368196,19551,1681616,0.005144445273317113,6.343101022,1e-06,0,579,19551,14984,14405,5.918614289,80,False,False,19.434049346,80,clone,match,743,80,33c645db40d3ef299017131af23655d0232b25ceb1cb0f6a77f5efae61478596,9758d05acd5a6d23354401380a673550be3f17f862a96eb5672c1a303a7d677b,add,80,21657,80,20,140.709135975,0.12029249998384832,f5_mcorr_v283,newmine,/home/mdk/incremental-rule-discovery/exp2026_v7/sweeps/f5_mcorr_v283/j_sigma_sweep/sig1e-6/ncvoter_ml40/add5/results.csv,2026-09-11T11:22:02
j,add10,10,pincminer,0,37.23574883,201.649875181,139.732523967,10.155841353,15.697962523,0.128925926,0.32943357,15.689979675,10.48576,1,,0.003342956,,,,168161,,,1177131,10.999230932,batch-cold-round-0,35398.733222961426,80,25.394143426,1213,25.523962468,8749,cold-step0-step1-aff-mine,176.255730502,7536,1,0,0,1,0,0,2186,10613,1233,1201,1201,1094,0,0,0,enforce,0.85,112610,53273,5377,5343,18221,6411,112610,53273,59337,1809810,1385637,81,1345292,True,26363.912384033203,0,1121,1,1,1201,1201,81,0,1094,1,12,15.697962523,19551,1681616,0.012836081467153284,15.826888449,1e-06,0,579,19551,14984,14405,10.155841353,80,False,False,40.326081132,80,clone,match,743,80,33c645db40d3ef299017131af23655d0232b25ceb1cb0f6a77f5efae61478596,a4169c1899b9207df9dcbd49eca1b046ec14fb061dd20008382c8fdee85ff84b,add,80,21657,80,20,201.649875181,0.18465545191425167,f5_mcorr_v283,newmine,/home/mdk/incremental-rule-discovery/exp2026_v7/sweeps/f5_mcorr_v283/j_sigma_sweep/sig1e-6/ncvoter_ml40/add10/results.csv,2026-09-11T11:22:02
j,add15,15,pincminer,0,38.543683741,119.480877346,76.43153872,7.215548129,4.112910113,0.585753459,0.247473746,25.27915376,10.48576,1,,0.002658238,,,,252242,,,1177131,8.976181074,batch-cold-round-0,34653.795806884766,80,18.478420868,1213,15.594728432,8749,cold-step0-step1-aff-mine,101.002455206,7536,1,0,0,4,0,0,2186,10613,1233,1201,1201,1094,0,0,0,enforce,0.85,112610,53273,5377,5343,18221,6411,112610,53273,59337,2043107,1385637,84,1429373,True,22173.959922790527,0,1121,1,1,1201,1201,84,0,1094,1,12,4.112910113,19551,1681616,0.0038107571549067317,4.698663572,1e-06,0,579,19551,14984,14405,7.215548129,83,False,False,40.605817074,80,clone,match,743,80,33c645db40d3ef299017131af23655d0232b25ceb1cb0f6a77f5efae61478596,e35577535442d09bb8a73613b0cff82df2bf65f37c126e737ce7ce2a2e57fc48,add,83,21657,80,20,119.480877346,0.3225929085654674,f5_mcorr_v283,newmine,/home/mdk/incremental-rule-discovery/exp2026_v7/sweeps/f5_mcorr_v283/j_sigma_sweep/sig1e-6/ncvoter_ml40/add15/results.csv,2026-09-11T11:22:02
j,add20,20,pincminer,0,80.619853816,169.831819266,110.131301348,12.113725853,10.653241912,0.558615487,0.340434179,60.368410002,10.48576,1,,0.003030783,,,,336323,,,1177131,13.236619386,batch-cold-round-0,34037.66035461426,82,25.578377048,1213,20.885513148,8749,cold-step0-step1-aff-mine,144.253440994,7536,1,0,0,2,0,0,2186,10613,1233,1201,1201,1094,0,0,0,enforce,0.85,112610,53273,5377,5343,18221,6411,112610,53273,59337,2290543,1385637,82,1513454,True,24496.900413513184,0,1121,1,1,1201,1201,82,0,1094,1,12,10.653241912,19551,1681616,0.009093152797242498,11.211857399,1e-06,0,579,19551,14984,14405,12.113725853,81,False,False,83.58037188,80,clone,match,743,80,33c645db40d3ef299017131af23655d0232b25ceb1cb0f6a77f5efae61478596,cc3ec2f1c33ce110b5b8eb9476b779a3ba72009af583c50ee2f483020afd3413,add,81,21657,80,20,169.831819266,0.4747040581937636,f5_mcorr_v283,newmine,/home/mdk/incremental-rule-discovery/exp2026_v7/sweeps/f5_mcorr_v283/j_sigma_sweep/sig1e-6/ncvoter_ml40/add20/results.csv,2026-09-11T11:22:02
j,add25,25,pincminer,0,103.508741942,127.955523651,83.333230031,10.131716948,8.11299667,0.729476998,0.293011701,85.768872051,10.48576,1,,0.002482345,,,,420404,,,1177131,9.876175432,batch-cold-round-0,36110.38210296631,83,19.871132074,1213,14.874972342,8749,cold-step0-step1-aff-mine,108.08438979,7536,1,0,0,2,0,0,2186,10613,1233,1201,1201,1094,0,0,0,enforce,0.85,112610,53273,5377,5343,18221,6411,112610,53273,59337,2552118,1385637,82,1597535,True,25479.597175598145,0,1121,1,1,1201,1201,82,0,1094,1,12,8.11299667,19551,1681616,0.007171511490673155,8.842473668,1e-06,0,579,19551,14984,14405,10.131716948,80,False,False,106.056722866,80,clone,match,743,80,33c645db40d3ef299017131af23655d0232b25ceb1cb0f6a77f5efae61478596,39a3d18295b9af67532750d752dd94f6d047353ac467f9a5c25d2abf4d294bde,add,80,21657,80,20,127.955523651,0.8089431310860886,f5_mcorr_v283,newmine,/home/mdk/incremental-rule-discovery/exp2026_v7/sweeps/f5_mcorr_v283/j_sigma_sweep/sig1e-6/ncvoter_ml40/add25/results.csv,2026-09-11T11:22:02
j,add30,30,pincminer,0,213.041641859,151.351830934,96.181209716,19.557443115,8.597973007,1.067749338,0.398907867,181.051544504,10.48576,1,,0.00351163,,,,504485,,,1177131,13.144313575,batch-cold-round-0,36293.68125915527,81,24.485669782,1213,17.540629268,8749,cold-step0-step1-aff-mine,126.86616013,7536,1,0,0,0,0,0,2186,10613,1233,1201,1201,1094,0,0,0,enforce,0.85,112610,53273,5377,5343,18221,6411,112610,53273,59337,2827832,1385637,81,1681616,True,23366.232711791992,0,1121,1,1,1201,1201,81,0,1094,1,12,8.597973007,19551,1681616,0.00783919087185726,9.665722345,1e-06,0,579,19551,14984,14405,19.557443115,81,False,False,216.384656896,80,clone,match,743,80,33c645db40d3ef299017131af23655d0232b25ceb1cb0f6a77f5efae61478596,e34172bbfcb8c4161a9560e0d6c08b2d9779bc8f922ba13297f09259e10bff2a,add,81,21657,80,20,151.351830934,1.4075921020863045,f5_mcorr_v283,newmine,/home/mdk/incremental-rule-discovery/exp2026_v7/sweeps/f5_mcorr_v283/j_sigma_sweep/sig1e-6/ncvoter_ml40/add30/results.csv,2026-09-11T11:22:02
k,r0,0,pincminer,0,22.633156044,148.623948059,101.112861869,0.694686605,3.346939806,6.215e-05,17.830757714,0.015427185,10.48576,1,,17.514601021,,,,16816,,,1177131,21.18008275,batch-cold-round-0,101299.26496887207,83,7.209163088,527,19.121819772,8063,cold-step0-step1-aff-mine,141.414781406,7536,1,16816,0,0,0,0,3,3,4323,1201,1201,1094,3,18,0,enforce,0.85,87980,26349,5377,4104,18221,6411,87980,26349,61631,1385637,1385637,433,1177131,True,33787.31164550781,0,1121,1,1,1201,1201,81,0,1094,1,12,3.346939806,4323,1681616,0.0007742313106638909,3.347001956,1e-06,0,432,4323,1362,930,0.694686605,81,False,False,31.179365493,80,fine-tune,match,743,80,33c645db40d3ef299017131af23655d0232b25ceb1cb0f6a77f5efae61478596,e670c9c033f030ec24439670acb485c4c69d495962177496b58d272be75185db,mix,81,3894,432,20,148.623948059,0.15228471817351535,f5_mcorr_v283,newmine,/home/mdk/incremental-rule-discovery/exp2026_v7/sweeps/f5_mcorr_v283/k_repeated/ncvoter_ml40/r10/results.csv,2026-09-11T11:22:02
k,r1,1,pincminer,1,22.064878784,152.26339384,104.626770603,0.749230788,3.706014209,3.0878e-05,17.499902956,0.019487401,10.48576,1,,17.124616546,,,,16816,,,1177131,22.375292693,batch-cold-round-1,103623.64427947998,83,7.001768254,527,18.259555237,8063,cold-step0-step1-aff-mine,145.261624679,7536,1,16816,0,1,0,0,3,3,4323,1201,1201,1094,3,18,0,enforce,0.85,87980,26349,5377,4104,18221,6411,87980,26349,61631,1385637,1385637,433,1177131,True,33810.153091430664,0,1121,1,1,1201,1201,82,0,1094,1,12,3.706014209,4323,1681616,0.000857285470043951,3.706045087,1e-06,0,431,4323,1361,930,0.749230788,81,False,False,211.883705599,80,fine-tune,match,743,80,33c645db40d3ef299017131af23655d0232b25ceb1cb0f6a77f5efae61478596,44c240456addbe918037f04f83f8e889b3b0f465486e84b4cbb23616056fc141,mix,81,3895,431,20,152.26339384,0.1449125638640763,f5_mcorr_v283,newmine,/home/mdk/incremental-rule-discovery/exp2026_v7/sweeps/f5_mcorr_v283/k_repeated/ncvoter_ml40/r10/results.csv,2026-09-11T11:22:02
k,r2,2,pincminer,2,22.458139413,156.496279017,107.94364837,0.727765376,2.83645528,4.9242e-05,18.172943393,0.020727481,10.48576,1,,17.744842369,,,,16816,,,1177131,22.831458572,batch-cold-round-2,102866.80101776123,81,6.720783059,527,19.000378316,8063,cold-step0-step1-aff-mine,149.775493868,7536,1,16816,0,5,0,0,3,3,4323,1201,1201,1094,3,18,0,enforce,0.85,87980,26349,5377,4104,18221,6411,87980,26349,61631,1385637,1385637,358,1177131,True,33855.20526885986,0,1121,1,1,1201,1201,85,0,1094,1,12,2.83645528,4323,1681616,0.0006561426143881563,2.836504522,1e-06,0,353,4323,1283,930,0.727765376,82,False,False,396.53512051,80,fine-tune,match,743,80,33c645db40d3ef299017131af23655d0232b25ceb1cb0f6a77f5efae61478596,f3fa4ed74b6cba2862e64fcdc3b20f3a2729d3e909a9abbddec79fb35d121ff9,mix,82,3973,353,20,156.496279017,0.14350590029402807,f5_mcorr_v283,newmine,/home/mdk/incremental-rule-discovery/exp2026_v7/sweeps/f5_mcorr_v283/k_repeated/ncvoter_ml40/r10/results.csv,2026-09-11T11:22:02
k,r3,3,pincminer,3,23.490082485,152.840328749,105.057196924,0.763453228,3.843291616,4.4081e-05,18.028255648,0.018577273,10.48576,1,,17.584193961,,,,16816,,,1177131,23.574937109,batch-cold-round-3,104873.91834259033,82,7.48445444,527,16.72373217,8063,cold-step0-step1-aff-mine,145.355873465,7536,1,16816,0,6,0,0,3,3,4323,1201,1201,1094,3,18,0,enforce,0.85,87980,26349,5377,4104,18221,6411,87980,26349,61631,1385637,1385637,440,1177131,True,33903.16258239746,0,1121,1,1,1201,1201,86,0,1094,1,12,3.843291616,4323,1681616,0.0008890436495489244,3.843335697,1e-06,0,433,4323,1363,930,0.763453228,85,False,False,585.677513497,80,fine-tune,match,743,80,33c645db40d3ef299017131af23655d0232b25ceb1cb0f6a77f5efae61478596,9af9beced68f1e532a0f01b847683520d68b5187f8360b819df14e0a528646bd,mix,85,3893,433,20,152.840328749,0.15369034257690112,f5_mcorr_v283,newmine,/home/mdk/incremental-rule-discovery/exp2026_v7/sweeps/f5_mcorr_v283/k_repeated/ncvoter_ml40/r10/results.csv,2026-09-11T11:22:02
k,r4,4,pincminer,4,22.638619765,144.880315022,99.175108167,0.875395738,3.567763116,4.2421e-05,17.468610943,0.017611671,10.48576,1,,17.094642382,,,,16816,,,1177131,20.33374881,batch-cold-round-4,104499.25679016113,80,6.518579452,527,18.852868047,8063,cold-step0-step1-aff-mine,138.361733626,7536,1,16816,0,6,0,0,3,3,4323,1201,1201,1094,3,18,0,enforce,0.85,87980,26349,5377,4104,18221,6411,87980,26349,61631,1385637,1385637,441,1177131,True,33906.5320892334,0,1121,1,1,1201,1201,86,0,1094,1,12,3.567763116,4323,1681616,0.0008253077809391626,3.567805537,1e-06,0,435,4323,1365,930,0.875395738,86,False,False,770.084436082,80,fine-tune,match,743,80,33c645db40d3ef299017131af23655d0232b25ceb1cb0f6a77f5efae61478596,b2187c00e31b612960918392b5e63101ba4b84e0ba847177a958a46a05d695a4,mix,86,3891,435,20,144.880315022,0.156257389152987,f5_mcorr_v283,newmine,/home/mdk/incremental-rule-discovery/exp2026_v7/sweeps/f5_mcorr_v283/k_repeated/ncvoter_ml40/r10/results.csv,2026-09-11T11:22:02
k,r5,5,pincminer,5,22.273205395,147.801844362,99.70550552,0.886156112,3.347370391,4.1261e-05,17.931352897,0.018319487,10.48576,1,,17.522283706,,,,16816,,,1177131,23.677562134,batch-cold-round-5,104136.66104888916,80,6.827347809,527,17.59141649,8063,cold-step0-step1-aff-mine,140.974494938,7536,1,16816,0,7,0,0,3,3,4323,1201,1201,1094,3,18,0,enforce,0.85,87980,26349,5377,4104,18221,6411,87980,26349,61631,1385637,1385637,400,1177131,True,33944.879653930664,0,1121,1,1,1201,1201,87,0,1094,1,12,3.347370391,4323,1681616,0.0007743260818875781,3.347411652,1e-06,0,393,4323,1323,930,0.886156112,86,False,False,946.766770793,80,fine-tune,match,743,80,33c645db40d3ef299017131af23655d0232b25ceb1cb0f6a77f5efae61478596,0c4dbe816852176074eea76c2ba9aabaaa59fe43258de50e6a5c1270bfb0dd18,mix,86,3933,393,20,147.801844362,0.15069639686259872,f5_mcorr_v283,newmine,/home/mdk/incremental-rule-discovery/exp2026_v7/sweeps/f5_mcorr_v283/k_repeated/ncvoter_ml40/r10/results.csv,2026-09-11T11:22:02
k,r6,6,pincminer,6,21.234566442,154.878145405,106.164546242,0.82790742,3.268118996,5.1223e-05,16.988689636,0.019833861,10.48576,1,,16.63953556,,,,16816,,,1177131,24.852285831,batch-cold-round-6,103724.1075592041,81,6.747355487,527,17.113945863,8063,cold-step0-step1-aff-mine,148.130784923,7536,1,16816,0,6,0,0,3,3,4323,1201,1201,1094,3,18,0,enforce,0.85,87980,26349,5377,4104,18221,6411,87980,26349,61631,1385637,1385637,438,1177131,True,33912.26516723633,0,1121,1,1,1201,1201,87,0,1094,1,12,3.268118996,4323,1681616,0.0007559958868841082,3.268170219,1e-06,0,431,4323,1361,930,0.82790742,87,False,False,1124.340430895,80,fine-tune,match,743,80,33c645db40d3ef299017131af23655d0232b25ceb1cb0f6a77f5efae61478596,6e9a0743e2d463751e28507e3c87b4781a65ce78875a8659c7fa7ea13d8fcbec,mix,87,3895,431,20,154.878145405,0.13710498912853378,f5_mcorr_v283,newmine,/home/mdk/incremental-rule-discovery/exp2026_v7/sweeps/f5_mcorr_v283/k_repeated/ncvoter_ml40/r10/results.csv,2026-09-11T11:22:02
k,r7,7,pincminer,7,22.030604456,144.472863588,99.602565833,0.730497057,3.523305804,3.5843e-05,17.62593971,0.0167157,10.48576,1,,17.247640182,,,,16816,,,1177131,19.345842905,batch-cold-round-7,99541.34822845459,82,6.543449445,527,18.980995898,8063,cold-step0-step1-aff-mine,137.929412616,7536,1,16816,0,5,0,0,3,3,4323,1201,1201,1094,3,18,0,enforce,0.85,87980,26349,5377,4104,18221,6411,87980,26349,61631,1385637,1385637,436,1177131,True,33985.54843902588,0,1121,1,1,1201,1201,87,0,1094,1,12,3.523305804,4323,1681616,0.0008150223564654175,3.523341647,1e-06,0,429,4323,1359,930,0.730497057,87,False,False,1309.858575142,80,fine-tune,match,743,80,33c645db40d3ef299017131af23655d0232b25ceb1cb0f6a77f5efae61478596,63de7bbc421a3c93e7815f82a403da854781691f3a6634cbe82f089442c39f51,mix,87,3897,429,20,144.472863588,0.15248956730604926,f5_mcorr_v283,newmine,/home/mdk/incremental-rule-discovery/exp2026_v7/sweeps/f5_mcorr_v283/k_repeated/ncvoter_ml40/r10/results.csv,2026-09-11T11:22:02
k,r8,8,pincminer,8,21.932354143,143.768652103,100.417041864,0.798309356,3.399450431,3.8558e-05,17.528584971,0.019051644,10.48576,1,,17.111627181,,,,16816,,,1177131,19.514269474,batch-cold-round-8,103290.83722686768,80,6.817364422,527,17.019941453,8063,cold-step0-step1-aff-mine,136.951286321,7536,1,16816,0,7,0,0,3,3,4323,1201,1201,1094,3,18,0,enforce,0.85,87980,26349,5377,4104,18221,6411,87980,26349,61631,1385637,1385637,447,1177131,True,33997.73679351807,0,1121,1,1,1201,1201,87,0,1094,1,12,3.399450431,4323,1681616,0.0007863726553319454,3.399488989,1e-06,0,439,4323,1369,930,0.798309356,87,False,False,1487.598214146,80,fine-tune,match,743,80,33c645db40d3ef299017131af23655d0232b25ceb1cb0f6a77f5efae61478596,52b2a6abb7253b7b56f9ce7226a6ce6fbaf89e74483d966647ea405ad151b206,mix,87,3887,439,20,143.768652103,0.15255310404723718,f5_mcorr_v283,newmine,/home/mdk/incremental-rule-discovery/exp2026_v7/sweeps/f5_mcorr_v283/k_repeated/ncvoter_ml40/r10/results.csv,2026-09-11T11:22:02
k,r9,9,pincminer,9,21.502031669,154.611337683,104.261712526,0.746097886,2.87808571,5.0222e-05,17.14002828,0.015809982,10.48576,1,,16.730056705,,,,16816,,,1177131,23.938629648,batch-cold-round-9,104131.34916687012,80,7.080446691,527,19.330538955,8063,cold-step0-step1-aff-mine,147.530889482,7536,1,16816,0,7,0,0,3,3,4323,1201,1201,1094,3,18,0,enforce,0.85,87980,26349,5377,4104,18221,6411,87980,26349,61631,1385637,1385637,362,1177131,True,34047.9319229126,0,1121,1,1,1201,1201,87,0,1094,1,12,2.87808571,4323,1681616,0.000665772827203331,2.878135932,1e-06,0,354,4323,1284,930,0.746097886,87,False,False,1664.240061197,80,fine-tune,match,743,80,33c645db40d3ef299017131af23655d0232b25ceb1cb0f6a77f5efae61478596,17adb4843ae5e17ad6c52bef7fec94c01b2af6fb14f467cbd5df3ac4e16271d0,mix,87,3972,354,20,154.611337683,0.13907150659989548,f5_mcorr_v283,newmine,/home/mdk/incremental-rule-discovery/exp2026_v7/sweeps/f5_mcorr_v283/k_repeated/ncvoter_ml40/r10/results.csv,2026-09-11T11:22:02
k,r0,0,nocs,0,25.369190218,148.623948059,101.112861869,0.78311437,3.236294709,3.9919e-05,17.440840601,0.031539848,10.48576,1,,16.965714275,,,,16816,,,1177131,21.18008275,batch-cold-round-0,101299.26496887207,83,7.209163088,527,19.121819772,8063,cold-step0-step1-aff-mine,141.414781406,7536,1,16816,0,8,0,0,3,3,4323,,,1094,3,18,0,enforce,0.85,87980,26349,5377,4104,18221,6411,87980,26349,61631,1385637,1385637,406,1177131,True,60189.04463195801,0,1121,1,1,,,89,0,1094,1,12,3.236294709,4323,1681616,0.0007486316511681703,3.2363346280000003,1e-06,0,1327,4323,1327,0,0.78311437,81,False,False,32.262018498,80,,,,,,,mix,81,3929,397,20,148.623948059,0.1706938252503497,f5_mcorr_v283,newmine,/home/mdk/incremental-rule-discovery/exp2026_v7/sweeps/f5_mcorr_v283/k_repeated/ncvoter_ml40/r10/results.csv,2026-09-11T11:22:02
k,r1,1,nocs,1,27.365782374,152.26339384,104.626770603,0.721888384,7.647211308,3.4125e-05,17.014766093,0.013890313,10.48576,1,,16.604850729,,,,16816,,,1177131,22.375292693,batch-cold-round-1,103623.64427947998,83,7.001768254,527,18.259555237,8063,cold-step0-step1-aff-mine,145.261624679,7536,1,16816,0,9,0,0,3,3,4323,,,1094,3,18,0,enforce,0.85,87980,26349,5377,4104,18221,6411,87980,26349,61631,1385637,1385637,336,1177131,True,71547.98802185059,0,1121,1,1,,,90,0,1094,1,12,7.647211308,4323,1681616,0.0017689672526023596,7.647245433,1e-06,0,1256,4323,1256,0,0.721888384,89,False,False,64.209479478,80,,,,,,,mix,89,4000,326,20,152.26339384,0.17972660193530335,f5_mcorr_v283,newmine,/home/mdk/incremental-rule-discovery/exp2026_v7/sweeps/f5_mcorr_v283/k_repeated/ncvoter_ml40/r10/results.csv,2026-09-11T11:22:02
k,r2,2,nocs,2,28.483408157,156.496279017,107.94364837,0.805254028,7.703798821,2.2928e-05,17.899848976,0.03422056,10.48576,1,,17.325659123,,,,16816,,,1177131,22.831458572,batch-cold-round-2,102866.80101776123,81,6.720783059,527,19.000378316,8063,cold-step0-step1-aff-mine,149.775493868,7536,1,16816,0,10,0,0,3,3,4323,,,1094,3,18,0,enforce,0.85,87980,26349,5377,4104,18221,6411,87980,26349,61631,1385637,1385637,126,1177131,True,72364.25220489502,0,1121,1,1,,,91,0,1094,1,12,7.703798821,4323,1681616,0.0017820545336571826,7.703821749,1e-06,0,1045,4323,1045,0,0.805254028,90,False,False,100.258443305,80,,,,,,,mix,90,4211,115,20,156.496279017,0.18200693547420307,f5_mcorr_v283,newmine,/home/mdk/incremental-rule-discovery/exp2026_v7/sweeps/f5_mcorr_v283/k_repeated/ncvoter_ml40/r10/results.csv,2026-09-11T11:22:02
k,r3,3,nocs,3,28.249449099,152.840328749,105.057196924,0.785061525,7.553419525,1.3063e-05,17.736133903,0.042003577,10.48576,1,,17.246148751,,,,16816,,,1177131,23.574937109,batch-cold-round-3,104873.91834259033,82,7.48445444,527,16.72373217,8063,cold-step0-step1-aff-mine,145.355873465,7536,1,16816,0,11,0,0,3,3,4323,,,1094,3,18,0,enforce,0.85,87980,26349,5377,4104,18221,6411,87980,26349,61631,1385637,1385637,258,1177131,True,72065.88944244385,0,1121,1,1,,,91,0,1094,1,12,7.553419525,4323,1681616,0.001747266386305806,7.553432588,1e-06,0,1175,4323,1175,0,0.785061525,91,False,False,135.081036827,80,,,,,,,mix,91,4081,245,20,152.840328749,0.18482981115142902,f5_mcorr_v283,newmine,/home/mdk/incremental-rule-discovery/exp2026_v7/sweeps/f5_mcorr_v283/k_repeated/ncvoter_ml40/r10/results.csv,2026-09-11T11:22:02
k,r4,4,nocs,4,30.385422015,144.880315022,99.175108167,0.780093502,6.614947374,3.0962e-05,18.385382702,0.041459955,10.48576,1,,17.810527614,,,,16816,,,1177131,20.33374881,batch-cold-round-4,104499.25679016113,80,6.518579452,527,18.852868047,8063,cold-step0-step1-aff-mine,138.361733626,7536,1,16816,0,11,0,0,3,3,4323,,,1094,3,18,0,enforce,0.85,87980,26349,5377,4104,18221,6411,87980,26349,61631,1385637,1385637,223,1177131,True,75044.32675170898,0,1121,1,1,,,91,0,1094,1,12,6.614947374,4323,1681616,0.001530182358547305,6.614978336,1e-06,0,1141,4323,1141,0,0.780093502,91,False,False,172.534453559,80,,,,,,,mix,91,4115,211,20,144.880315022,0.20972774672933303,f5_mcorr_v283,newmine,/home/mdk/incremental-rule-discovery/exp2026_v7/sweeps/f5_mcorr_v283/k_repeated/ncvoter_ml40/r10/results.csv,2026-09-11T11:22:02
k,r5,5,nocs,5,28.021343849,147.801844362,99.70550552,0.807982464,7.233892403,1.5358e-05,17.89285615,0.038835401,10.48576,1,,17.404130828,,,,16816,,,1177131,23.677562134,batch-cold-round-5,104136.66104888916,80,6.827347809,527,17.59141649,8063,cold-step0-step1-aff-mine,140.974494938,7536,1,16816,0,11,0,0,3,3,4323,,,1094,3,18,0,enforce,0.85,87980,26349,5377,4104,18221,6411,87980,26349,61631,1385637,1385637,311,1177131,True,71869.4031906128,0,1121,1,1,,,91,0,1094,1,12,7.233892403,4323,1681616,0.0016733536342817487,7.233907760999999,1e-06,0,1229,4323,1229,0,0.807982464,91,False,False,207.509597383,80,,,,,,,mix,91,4027,299,20,147.801844362,0.1895872407408491,f5_mcorr_v283,newmine,/home/mdk/incremental-rule-discovery/exp2026_v7/sweeps/f5_mcorr_v283/k_repeated/ncvoter_ml40/r10/results.csv,2026-09-11T11:22:02
k,r6,6,nocs,6,28.868527254,154.878145405,106.164546242,0.817197871,5.737306503,3.0297e-05,17.866620563,0.036163085,10.48576,1,,17.324832772,,,,16816,,,1177131,24.852285831,batch-cold-round-6,103724.1075592041,81,6.747355487,527,17.113945863,8063,cold-step0-step1-aff-mine,148.130784923,7536,1,16816,0,10,0,0,3,3,4323,,,1094,3,18,0,enforce,0.85,87980,26349,5377,4104,18221,6411,87980,26349,61631,1385637,1385637,147,1177131,True,74366.88080596924,0,1121,1,1,,,91,0,1094,1,12,5.737306503,4323,1681616,0.0013271655794587093,5.7373368000000005,1e-06,0,1066,4323,1066,0,0.817197871,91,False,False,243.243048952,80,,,,,,,mix,91,4190,136,20,154.878145405,0.18639509905358168,f5_mcorr_v283,newmine,/home/mdk/incremental-rule-discovery/exp2026_v7/sweeps/f5_mcorr_v283/k_repeated/ncvoter_ml40/r10/results.csv,2026-09-11T11:22:02
k,r7,7,nocs,7,28.612974052,144.472863588,99.602565833,0.778816163,7.487428378,3.5952e-05,18.401475632,0.031228531,10.48576,1,,17.959447691,,,,16816,,,1177131,19.345842905,batch-cold-round-7,99541.34822845459,82,6.543449445,527,18.980995898,8063,cold-step0-step1-aff-mine,137.929412616,7536,1,16816,0,9,0,0,3,3,4323,,,1094,3,18,0,enforce,0.85,87980,26349,5377,4104,18221,6411,87980,26349,61631,1385637,1385637,197,1177131,True,72590.1088256836,0,1121,1,1,,,91,0,1094,1,12,7.487428378,4323,1681616,0.001732006553319454,7.48746433,1e-06,0,1114,4323,1114,0,0.778816163,91,False,False,278.280330898,80,,,,,,,mix,91,4142,184,20,144.472863588,0.19805085426697813,f5_mcorr_v283,newmine,/home/mdk/incremental-rule-discovery/exp2026_v7/sweeps/f5_mcorr_v283/k_repeated/ncvoter_ml40/r10/results.csv,2026-09-11T11:22:02
k,r8,8,nocs,8,27.300991259,143.768652103,100.417041864,0.813526767,6.816240668,1.3117e-05,17.754644808,0.026589112,10.48576,1,,17.285335992,,,,16816,,,1177131,19.514269474,batch-cold-round-8,103290.83722686768,80,6.817364422,527,17.019941453,8063,cold-step0-step1-aff-mine,136.951286321,7536,1,16816,0,11,0,0,3,3,4323,,,1094,3,18,0,enforce,0.85,87980,26349,5377,4104,18221,6411,87980,26349,61631,1385637,1385637,243,1177131,True,72119.56694793701,0,1121,1,1,,,91,0,1094,1,12,6.816240668,4323,1681616,0.0015767415648854962,6.816253785,1e-06,0,1162,4323,1162,0,0.813526767,91,False,False,311.780562981,80,,,,,,,mix,91,4094,232,20,143.768652103,0.18989529956391873,f5_mcorr_v283,newmine,/home/mdk/incremental-rule-discovery/exp2026_v7/sweeps/f5_mcorr_v283/k_repeated/ncvoter_ml40/r10/results.csv,2026-09-11T11:22:02
k,r9,9,nocs,9,27.557634733,154.611337683,104.261712526,0.84634674,7.663265426,4.9756e-05,17.170561339,0.025940289,10.48576,1,,16.740902144,,,,16816,,,1177131,23.938629648,batch-cold-round-9,104131.34916687012,80,7.080446691,527,19.330538955,8063,cold-step0-step1-aff-mine,147.530889482,7536,1,16816,0,11,0,0,3,3,4323,,,1094,3,18,0,enforce,0.85,87980,26349,5377,4104,18221,6411,87980,26349,61631,1385637,1385637,280,1177131,True,71811.15924835205,0,1121,1,1,,,91,0,1094,1,12,7.663265426,4323,1681616,0.0017726845204718944,7.663315182,1e-06,0,1199,4323,1199,0,0.84634674,91,False,False,345.616496367,80,,,,,,,mix,91,4057,269,20,154.611337683,0.17823812371057476,f5_mcorr_v283,newmine,/home/mdk/incremental-rule-discovery/exp2026_v7/sweeps/f5_mcorr_v283/k_repeated/ncvoter_ml40/r10/results.csv,2026-09-11T11:22:02
k,r0,0,noaux,0,176.722282624,148.623948059,101.112861869,0.727695264,0,72.837660204,18.171556118,1.408903745,10.48576,1,,17.351229375,,,,16816,,,1177131,21.18008275,batch-cold-round-0,101299.26496887207,83,7.209163088,527,19.121819772,8063,cold-step0-step1-aff-mine,141.414781406,7536,1,16816,0,9,0,0,78183,78183,78183,,,0,0,0,0,enforce,0.85,0,0,5377,1026,18221,6411,77715,77715,0,1385637,1385637,2034,1177131,True,100307.11949157715,0,1121,1,1,,,2034,0,0,0,0,0,0,1681616,0.0009316304081961552,72.837660204,1e-06,468,0,0,0,0,0.727695264,81,False,False,183.099019742,80,,,,,,,mix,81,76160,2023,20,148.623948059,1.1890565748788051,f5_mcorr_v283,newmine,/home/mdk/incremental-rule-discovery/exp2026_v7/sweeps/f5_mcorr_v283/k_repeated/ncvoter_ml40/r10/results.csv,2026-09-11T11:22:02
k,r1,1,noaux,1,149.310689313,152.26339384,104.626770603,12.206388212,0,105.72335908,1.972634537,0.060684486,10.48576,1,,1.014088066,,,,16816,,,1177131,22.375292693,batch-cold-round-1,103623.64427947998,83,7.001768254,527,18.259555237,8063,cold-step0-step1-aff-mine,145.261624679,7536,1,16816,0,9,0,0,78183,78183,78183,,,0,0,0,0,enforce,0.85,0,0,5377,1026,18221,6411,77715,77715,0,1385637,1385637,2035,1177131,True,95589.7558517456,0,1121,1,1,,,2034,0,0,0,0,0,0,1681616,0.0013522550820510852,105.72335908,1e-06,468,0,0,0,0,12.206388212,2034,False,False,339.168394675,80,,,,,,,mix,2034,76160,2023,20,152.26339384,0.980607915976819,f5_mcorr_v283,newmine,/home/mdk/incremental-rule-discovery/exp2026_v7/sweeps/f5_mcorr_v283/k_repeated/ncvoter_ml40/r10/results.csv,2026-09-11T11:22:02
k,r2,2,noaux,2,157.060151279,156.496279017,107.94364837,12.304398404,0,32.061230635,2.433479564,0.1081733,10.48576,1,,1.060583753,,,,16816,,,1177131,22.831458572,batch-cold-round-2,102866.80101776123,81,6.720783059,527,19.000378316,8063,cold-step0-step1-aff-mine,149.775493868,7536,1,16816,0,10,0,0,78183,78183,78183,,,0,0,0,0,enforce,0.85,0,0,5377,1026,18221,6411,77715,77715,0,1385637,1385637,2035,1177131,True,101441.92140197754,0,1121,1,1,,,2034,0,0,0,0,0,0,1681616,0.0004100793092488137,32.061230635,1e-06,468,0,0,0,0,12.304398404,2034,False,False,502.400054771,80,,,,,,,mix,2034,76160,2023,20,156.496279017,1.0036031033168447,f5_mcorr_v283,newmine,/home/mdk/incremental-rule-discovery/exp2026_v7/sweeps/f5_mcorr_v283/k_repeated/ncvoter_ml40/r10/results.csv,2026-09-11T11:22:02
k,r3,3,noaux,3,152.079544644,152.840328749,105.057196924,11.537275499,0,85.159388362,2.333972042,0.723199312,10.48576,1,,1.068551947,,,,16816,,,1177131,23.574937109,batch-cold-round-3,104873.91834259033,82,7.48445444,527,16.72373217,8063,cold-step0-step1-aff-mine,145.355873465,7536,1,16816,0,11,0,0,78183,78183,78183,,,0,0,0,0,enforce,0.85,0,0,5377,1026,18221,6411,77715,77715,0,1385637,1385637,2036,1177131,True,95463.3671951294,0,1121,1,1,,,2034,0,0,0,0,0,0,1681616,0.0010892315255490324,85.159388362,1e-06,468,0,0,0,0,11.537275499,2034,False,False,661.35957202,80,,,,,,,mix,2034,76160,2023,20,152.840328749,0.9950223601897024,f5_mcorr_v283,newmine,/home/mdk/incremental-rule-discovery/exp2026_v7/sweeps/f5_mcorr_v283/k_repeated/ncvoter_ml40/r10/results.csv,2026-09-11T11:22:02
k,r4,4,noaux,4,160.801146271,144.880315022,99.175108167,12.404373425,0,57.45715738,2.327201894,0.100008563,10.48576,1,,1.013216353,,,,16816,,,1177131,20.33374881,batch-cold-round-4,104499.25679016113,80,6.518579452,527,18.852868047,8063,cold-step0-step1-aff-mine,138.361733626,7536,1,16816,0,11,0,0,78183,78183,78183,,,0,0,0,0,enforce,0.85,0,0,5377,1026,18221,6411,77715,77715,0,1385637,1385637,2035,1177131,True,102279.07941436768,0,1121,1,1,,,2034,0,0,0,0,0,0,1681616,0.0007349060202345778,57.45715738,1e-06,468,0,0,0,0,12.404373425,2034,False,False,829.36431314,80,,,,,,,mix,2034,76160,2023,20,144.880315022,1.109889540525795,f5_mcorr_v283,newmine,/home/mdk/incremental-rule-discovery/exp2026_v7/sweeps/f5_mcorr_v283/k_repeated/ncvoter_ml40/r10/results.csv,2026-09-11T11:22:02
k,r5,5,noaux,5,152.053370997,147.801844362,99.70550552,12.208325423,0,109.458791693,2.276467992,0.1061531,10.48576,1,,1.051514678,,,,16816,,,1177131,23.677562134,batch-cold-round-5,104136.66104888916,80,6.827347809,527,17.59141649,8063,cold-step0-step1-aff-mine,140.974494938,7536,1,16816,0,11,0,0,78183,78183,78183,,,0,0,0,0,enforce,0.85,0,0,5377,1026,18221,6411,77715,77715,0,1385637,1385637,2034,1177131,True,100817.17710876465,0,1121,1,1,,,2034,0,0,0,0,0,0,1681616,0.0014000331490605373,109.458791693,1e-06,468,0,0,0,0,12.208325423,2034,False,False,988.147263091,80,,,,,,,mix,2034,76160,2023,20,147.801844362,1.0287650445321037,f5_mcorr_v283,newmine,/home/mdk/incremental-rule-discovery/exp2026_v7/sweeps/f5_mcorr_v283/k_repeated/ncvoter_ml40/r10/results.csv,2026-09-11T11:22:02
k,r6,6,noaux,6,162.264568652,154.878145405,106.164546242,12.038930135,0,73.497960904,2.040870736,0.081724235,10.48576,1,,1.100636183,,,,16816,,,1177131,24.852285831,batch-cold-round-6,103724.1075592041,81,6.747355487,527,17.113945863,8063,cold-step0-step1-aff-mine,148.130784923,7536,1,16816,0,11,0,0,78183,78183,78183,,,0,0,0,0,enforce,0.85,0,0,5377,1026,18221,6411,77715,77715,0,1385637,1385637,2035,1177131,True,98010.20719146729,0,1121,1,1,,,2035,0,0,0,0,0,0,1681616,0.0009400759871583336,73.497960904,1e-06,468,0,0,0,0,12.038930135,2034,False,False,1157.372457421,80,,,,,,,mix,2034,76160,2023,20,154.878145405,1.047691836880438,f5_mcorr_v283,newmine,/home/mdk/incremental-rule-discovery/exp2026_v7/sweeps/f5_mcorr_v283/k_repeated/ncvoter_ml40/r10/results.csv,2026-09-11T11:22:02
k,r7,7,noaux,7,163.899261933,144.472863588,99.602565833,12.309976515,0,61.552051841,2.21832732,0.212612621,10.48576,1,,1.072326108,,,,16816,,,1177131,19.345842905,batch-cold-round-7,99541.34822845459,82,6.543449445,527,18.980995898,8063,cold-step0-step1-aff-mine,137.929412616,7536,1,16816,0,10,0,0,78183,78183,78183,,,0,0,0,0,enforce,0.85,0,0,5377,1026,18221,6411,77715,77715,0,1385637,1385637,2036,1177131,True,101375.4649810791,0,1121,1,1,,,2035,0,0,0,0,0,0,1681616,0.0007872817855671949,61.552051841,1e-06,468,0,0,0,0,12.309976515,2035,False,False,1328.218990809,80,,,,,,,mix,2035,76160,2023,20,144.472863588,1.1344639945699364,f5_mcorr_v283,newmine,/home/mdk/incremental-rule-discovery/exp2026_v7/sweeps/f5_mcorr_v283/k_repeated/ncvoter_ml40/r10/results.csv,2026-09-11T11:22:02
k,r8,8,noaux,8,157.91922037,143.768652103,100.417041864,12.452422169,0,110.439550573,2.33660485,0.066282069,10.48576,1,,1.024020731,,,,16816,,,1177131,19.514269474,batch-cold-round-8,103290.83722686768,80,6.817364422,527,17.019941453,8063,cold-step0-step1-aff-mine,136.951286321,7536,1,16816,0,12,0,0,78183,78183,78183,,,0,0,0,0,enforce,0.85,0,0,5377,1026,18221,6411,77715,77715,0,1385637,1385637,2036,1177131,True,100254.2663192749,0,1121,1,1,,,2035,0,0,0,0,0,0,1681616,0.0014125775497614572,110.439550573,1e-06,468,0,0,0,0,12.452422169,2035,False,False,1492.783955922,80,,,,,,,mix,2035,76160,2023,20,143.768652103,1.0984259646314423,f5_mcorr_v283,newmine,/home/mdk/incremental-rule-discovery/exp2026_v7/sweeps/f5_mcorr_v283/k_repeated/ncvoter_ml40/r10/results.csv,2026-09-11T11:22:02
k,r9,9,noaux,9,164.434352198,154.611337683,104.261712526,12.243928202,0,72.672469403,2.163315495,0.161631458,10.48576,1,,0.963899407,,,,16816,,,1177131,23.938629648,batch-cold-round-9,104131.34916687012,80,7.080446691,527,19.330538955,8063,cold-step0-step1-aff-mine,147.530889482,7536,1,16816,0,12,0,0,78183,78183,78183,,,0,0,0,0,enforce,0.85,0,0,5377,1026,18221,6411,77715,77715,0,1385637,1385637,2037,1177131,True,100014.68082427979,0,1121,1,1,,,2035,0,0,0,0,0,0,1681616,0.0009295175345407569,72.672469403,1e-06,468,0,0,0,0,12.243928202,2035,False,False,1664.256555431,80,,,,,,,mix,2035,76160,2023,20,154.611337683,1.0635335976145563,f5_mcorr_v283,newmine,/home/mdk/incremental-rule-discovery/exp2026_v7/sweeps/f5_mcorr_v283/k_repeated/ncvoter_ml40/r10/results.csv,2026-09-11T11:22:02
k,r0,0,naive,0,252.045368531,123.472865544,85.364655493,0.669664857,0,57.030322811,59.986109891,0.141237305,10.48576,1,,59.359940345,,,,16816,,,1177131,18.845800165,batch-cold-round-0,103360.38966369629,81,4.951514308,527,14.310885102,8063,cold-step0-step1-aff-mine,118.52134956,7536,1,16816,0,2,0,0,78183,78183,78183,,,0,0,0,0,enforce,0.85,0,0,5377,1026,18221,6411,77715,77715,0,1385637,1385637,2025,1177131,True,106344.86441040039,0,1121,1,1,,,2025,0,0,0,0,0,0,1681616,0.0007294465908317665,57.030322811,1e-06,468,0,0,0,0,0.669664857,80,False,False,258.895456023,80,,,,,,,mix,80,76160,2023,20,123.472865544,2.041301685358414,f5_mcorr_v283,newmine,/home/mdk/incremental-rule-discovery/exp2026_v7/sweeps/f5_mcorr_v283/k_repeated/ncvoter_ml40/r10/results.csv,2026-09-11T11:22:02
k,r1,1,naive,1,264.355447309,165.059391979,82.555895024,18.788945001,0,97.68055781,60.015446889,0.056053559,10.48576,1,,59.042548986,,,,16816,,,1177131,62.406800813,batch-cold-round-1,103230.78398132324,77,6.424643497,635,13.672042272,8171,cold-step0-step1-aff-mine,158.634747299,7536,1,16816,0,6,3,0,78183,78183,78183,,,0,0,0,0,enforce,0.85,0,0,5377,1026,18221,6411,77715,77715,0,1385637,1385637,2027,1177131,True,99314.84326934814,0,1121,1,1,,,2026,0,0,0,0,0,0,1681616,0.0012493835975851528,97.68055781,1e-06,468,0,0,0,0,18.788945001,2025,False,False,660.44122115,77,,,,,,,mix,2025,76160,2023,20,165.059391979,1.6015777359862875,f5_mcorr_v283,newmine,/home/mdk/incremental-rule-discovery/exp2026_v7/sweeps/f5_mcorr_v283/k_repeated/ncvoter_ml40/r10/results.csv,2026-09-11T11:22:02
k,r2,2,naive,2,267.308449031,166.963506156,84.079924354,18.715180096,0,93.117969694,62.375638729,0.149950354,10.48576,1,,61.39703036,,,,16816,,,1177131,62.119259759,batch-cold-round-2,104091.82666015625,78,6.766630664,635,13.997679573,8171,cold-step0-step1-aff-mine,160.196870469,7536,1,16816,0,6,0,0,78183,78183,78183,,,0,0,0,0,enforce,0.85,0,0,5377,1026,18221,6411,77715,77715,0,1385637,1385637,2026,1177131,True,99775.05443572998,0,1121,1,1,,,2026,0,0,0,0,0,0,1681616,0.0011910257945333385,93.117969694,1e-06,468,0,0,0,0,18.715180096,2026,False,False,1106.459581272,77,,,,,,,mix,2026,76160,2023,20,166.963506156,1.600999255377664,f5_mcorr_v283,newmine,/home/mdk/incremental-rule-discovery/exp2026_v7/sweeps/f5_mcorr_v283/k_repeated/ncvoter_ml40/r10/results.csv,2026-09-11T11:22:02
k,r3,3,naive,3,271.008164601,167.035666292,83.578970736,18.800203679,0,95.126536026,62.71172885,0.084541811,10.48576,1,,61.713609799,,,,16816,,,1177131,62.397448939,batch-cold-round-3,103908.76625823975,80,6.746897768,635,14.312335819,8171,cold-step0-step1-aff-mine,160.288764344,7536,1,16816,0,6,0,0,78183,78183,78183,,,0,0,0,0,enforce,0.85,0,0,5377,1026,18221,6411,77715,77715,0,1385637,1385637,2026,1177131,True,101267.62203216553,0,1121,1,1,,,2026,0,0,0,0,0,0,1681616,0.0012167163708990444,95.126536026,1e-06,468,0,0,0,0,18.800203679,2026,False,False,1557.514863725,77,,,,,,,mix,2026,76160,2023,20,167.035666292,1.6224568717392522,f5_mcorr_v283,newmine,/home/mdk/incremental-rule-discovery/exp2026_v7/sweeps/f5_mcorr_v283/k_repeated/ncvoter_ml40/r10/results.csv,2026-09-11T11:22:02
k,r4,4,naive,4,264.283737911,166.214898427,82.292304706,18.680031186,0,93.304446534,60.649137593,0.055509029,10.48576,1,,59.603549506,,,,16816,,,1177131,62.916128446,batch-cold-round-4,101370.37386322021,77,6.596454752,635,14.410001031,8171,cold-step0-step1-aff-mine,159.61844168,7536,1,16816,0,7,0,0,78183,78183,78183,,,0,0,0,0,enforce,0.85,0,0,5377,1026,18221,6411,77715,77715,0,1385637,1385637,2027,1177131,True,99393.69245147705,0,1121,1,1,,,2027,0,0,0,0,0,0,1681616,0.0011934109273627259,93.304446534,1e-06,468,0,0,0,0,18.680031186,2026,False,False,2002.210301111,77,,,,,,,mix,2026,76160,2023,20,166.214898427,1.5900123298939468,f5_mcorr_v283,newmine,/home/mdk/incremental-rule-discovery/exp2026_v7/sweeps/f5_mcorr_v283/k_repeated/ncvoter_ml40/r10/results.csv,2026-09-11T11:22:02
k,r5,5,naive,5,268.395755324,168.379513435,85.319965246,18.638281421,0,92.38699598,62.943250738,0.609590523,10.48576,1,,61.904884333,,,,16816,,,1177131,62.322042661,batch-cold-round-5,103545.84215545654,79,6.550768893,635,14.186726399,8171,cold-step0-step1-aff-mine,161.828743004,7536,1,16816,0,9,0,0,78183,78183,78183,,,0,0,0,0,enforce,0.85,0,0,5377,1026,18221,6411,77715,77715,0,1385637,1385637,2029,1177131,True,101587.89953613281,0,1121,1,1,,,2029,0,0,0,0,0,0,1681616,0.001181676272079608,92.38699598,1e-06,468,0,0,0,0,18.638281421,2027,False,False,2450.444187747,77,,,,,,,mix,2027,76160,2023,20,168.379513435,1.5939929380281141,f5_mcorr_v283,newmine,/home/mdk/incremental-rule-discovery/exp2026_v7/sweeps/f5_mcorr_v283/k_repeated/ncvoter_ml40/r10/results.csv,2026-09-11T11:22:02
k,r6,6,naive,6,275.721539237,168.764592554,84.430682366,18.718759228,0,96.908556048,60.611079868,0.138808018,10.48576,1,,59.594662564,,,,16816,,,1177131,62.875357934,batch-cold-round-6,104433.41975402832,78,7.00743292,635,14.451108285,8171,cold-step0-step1-aff-mine,161.757156934,7536,1,16816,0,9,0,0,78183,78183,78183,,,0,0,0,0,enforce,0.85,0,0,5377,1026,18221,6411,77715,77715,0,1385637,1385637,2029,1177131,True,109087.42820739746,0,1121,1,1,,,2029,0,0,0,0,0,0,1681616,0.0012395093057058439,96.908556048,1e-06,468,0,0,0,0,18.718759228,2029,False,False,2908.267069717,77,,,,,,,mix,2029,76160,2023,20,168.764592554,1.6337641389367663,f5_mcorr_v283,newmine,/home/mdk/incremental-rule-discovery/exp2026_v7/sweeps/f5_mcorr_v283/k_repeated/ncvoter_ml40/r10/results.csv,2026-09-11T11:22:02
k,r7,7,naive,7,269.446422445,167.705032133,84.263456633,18.670705257,0,94.587374686,62.545251151,0.036151855,10.48576,1,,61.505630924,,,,16816,,,1177131,62.848042283,batch-cold-round-7,103521.11931610107,78,6.746823137,635,13.846692034,8171,cold-step0-step1-aff-mine,160.958202141,7536,1,16816,0,11,0,0,78183,78183,78183,,,0,0,0,0,enforce,0.85,0,0,5377,1026,18221,6411,77715,77715,0,1385637,1385637,2031,1177131,True,103442.40148162842,0,1121,1,1,,,2031,0,0,0,0,0,0,1681616,0.0012098202254454294,94.587374686,1e-06,468,0,0,0,0,18.670705257,2029,False,False,3359.192688706,77,,,,,,,mix,2029,76160,2023,20,167.705032133,1.606668679037091,f5_mcorr_v283,newmine,/home/mdk/incremental-rule-discovery/exp2026_v7/sweeps/f5_mcorr_v283/k_repeated/ncvoter_ml40/r10/results.csv,2026-09-11T11:22:02
k,r8,8,naive,8,270.893553342,166.903553476,84.055600805,18.788703091,0,88.144625884,60.60183063,0.048717427,10.48576,1,,59.49908272,,,,16816,,,1177131,62.178739848,batch-cold-round-8,102596.7681350708,77,6.118832106,635,14.550368416,8171,cold-step0-step1-aff-mine,160.78471864,7536,1,16816,0,11,0,0,78183,78183,78183,,,0,0,0,0,enforce,0.85,0,0,5377,1026,18221,6411,77715,77715,0,1385637,1385637,2032,1177131,True,107279.7188873291,0,1121,1,1,,,2031,0,0,0,0,0,0,1681616,0.0011274142189990153,88.144625884,1e-06,468,0,0,0,0,18.788703091,2031,False,False,3810.337117454,77,,,,,,,mix,2031,76160,2023,20,166.903553476,1.623054438927529,f5_mcorr_v283,newmine,/home/mdk/incremental-rule-discovery/exp2026_v7/sweeps/f5_mcorr_v283/k_repeated/ncvoter_ml40/r10/results.csv,2026-09-11T11:22:02
k,r9,9,naive,9,268.719371319,169.492593339,84.808574142,18.766839312,0,93.717540384,58.853886374,0.096102043,10.48576,1,,57.780153665,,,,16816,,,1177131,62.666588449,batch-cold-round-9,102791.34033203125,78,6.719414166,635,15.298004331,8171,cold-step0-step1-aff-mine,162.773177884,7536,1,16816,0,10,0,0,78183,78183,78183,,,0,0,0,0,enforce,0.85,0,0,5377,1026,18221,6411,77715,77715,0,1385637,1385637,2031,1177131,True,100403.18899536133,0,1121,1,1,,,2031,0,0,0,0,0,0,1681616,0.0011986946060396763,93.717540384,1e-06,468,0,0,0,0,18.766839312,2031,False,False,4259.328539749,77,,,,,,,mix,2031,76160,2023,20,169.492593339,1.5854343014360384,f5_mcorr_v283,newmine,/home/mdk/incremental-rule-discovery/exp2026_v7/sweeps/f5_mcorr_v283/k_repeated/ncvoter_ml40/r10/results.csv,2026-09-11T11:22:02
k,r0,0,staticcorr,0,37.968028577,123.472865544,85.364655493,0.62306101,16.582155478,0,0,0.014834493,10.48576,1,,0,,,,16816,,,1177131,18.845800165,batch-cold-round-0,103360.38966369629,81,4.951514308,527,14.310885102,8063,cold-step0-step1-aff-mine,118.52134956,7536,1,16816,0,10,0,0,0,0,19551,,,1094,0,0,0,enforce,0.85,87980,43020,5377,4104,18221,6411,87980,43020,44960,1385637,1385637,343,1177131,True,53545.587882995605,0,1121,1,1,,,90,0,1094,1,12,16.582155478,19551,1681616,0.0008481487124955246,16.582155478,1e-06,0,813,19551,15218,14405,0.62306101,80,False,False,44.190228255,80,,,,,,,mix,80,19218,333,20,123.472865544,0.30750099149087906,f5_mcorr_v283,newmine,/home/mdk/incremental-rule-discovery/exp2026_v7/sweeps/f5_mcorr_v283/k_repeated/ncvoter_ml40/r10/results.csv,2026-09-11T11:22:02
k,r1,1,staticcorr,1,38.952281071,165.059391979,82.555895024,0.576285135,17.18770731,0,0,0.011821657,10.48576,1,,0,,,,16816,,,1177131,62.406800813,batch-cold-round-1,103230.78398132324,77,6.424643497,635,13.672042272,8171,cold-step0-step1-aff-mine,158.634747299,7536,1,16816,0,13,3,0,0,0,19551,,,1094,0,0,0,enforce,0.85,87980,43020,5377,4104,18221,6411,87980,43020,44960,1385637,1385637,238,1177131,True,56245.906494140625,0,1121,1,1,,,90,0,1094,1,12,17.18770731,19551,1681616,0.0008791216464630966,17.18770731,1e-06,0,709,19551,15114,14405,0.576285135,90,False,False,87.771710346,77,,,,,,,mix,90,19323,228,20,165.059391979,0.23598948599032632,f5_mcorr_v283,newmine,/home/mdk/incremental-rule-discovery/exp2026_v7/sweeps/f5_mcorr_v283/k_repeated/ncvoter_ml40/r10/results.csv,2026-09-11T11:22:02
k,r2,2,staticcorr,2,39.346371522,166.963506156,84.079924354,0.602771146,15.853278666,0,0,0.017383777,10.48576,1,,0,,,,16816,,,1177131,62.119259759,batch-cold-round-2,104091.82666015625,78,6.766630664,635,13.997679573,8171,cold-step0-step1-aff-mine,160.196870469,7536,1,16816,0,12,0,0,0,0,19551,,,1094,0,0,0,enforce,0.85,87980,43020,5377,4104,18221,6411,87980,43020,44960,1385637,1385637,217,1177131,True,62085.95400238037,0,1121,1,1,,,90,0,1094,1,12,15.853278666,19551,1681616,0.0008108679180604572,15.853278666,1e-06,0,688,19551,15093,14405,0.602771146,90,False,False,131.614792062,77,,,,,,,mix,90,19344,207,20,166.963506156,0.23565851261674675,f5_mcorr_v283,newmine,/home/mdk/incremental-rule-discovery/exp2026_v7/sweeps/f5_mcorr_v283/k_repeated/ncvoter_ml40/r10/results.csv,2026-09-11T11:22:02
k,r3,3,staticcorr,3,38.238419156,167.035666292,83.578970736,0.563283063,14.051066804,0,0,0.039391663,10.48576,1,,0,,,,16816,,,1177131,62.397448939,batch-cold-round-3,103908.76625823975,80,6.746897768,635,14.312335819,8171,cold-step0-step1-aff-mine,160.288764344,7536,1,16816,0,11,0,0,0,0,19551,,,1094,0,0,0,enforce,0.85,87980,43020,5377,4104,18221,6411,87980,43020,44960,1385637,1385637,185,1177131,True,56989.89633178711,0,1121,1,1,,,90,0,1094,1,12,14.051066804,19551,1681616,0.000718687883177331,14.051066804,1e-06,0,656,19551,15061,14405,0.563283063,90,False,False,173.994284135,77,,,,,,,mix,90,19376,175,20,167.035666292,0.22892367842658395,f5_mcorr_v283,newmine,/home/mdk/incremental-rule-discovery/exp2026_v7/sweeps/f5_mcorr_v283/k_repeated/ncvoter_ml40/r10/results.csv,2026-09-11T11:22:02
k,r4,4,staticcorr,4,39.366741738,166.214898427,82.292304706,0.58485903,14.069289775,0,0,0.017270294,10.48576,1,,0,,,,16816,,,1177131,62.916128446,batch-cold-round-4,101370.37386322021,77,6.596454752,635,14.410001031,8171,cold-step0-step1-aff-mine,159.61844168,7536,1,16816,0,13,0,0,0,0,19551,,,1094,0,0,0,enforce,0.85,87980,43020,5377,4104,18221,6411,87980,43020,44960,1385637,1385637,209,1177131,True,59951.58336639404,0,1121,1,1,,,90,0,1094,1,12,14.069289775,19551,1681616,0.0007196199567797043,14.069289775,1e-06,0,679,19551,15084,14405,0.58485903,90,False,False,217.830530172,77,,,,,,,mix,90,19353,198,20,166.214898427,0.23684243777515226,f5_mcorr_v283,newmine,/home/mdk/incremental-rule-discovery/exp2026_v7/sweeps/f5_mcorr_v283/k_repeated/ncvoter_ml40/r10/results.csv,2026-09-11T11:22:02
k,r5,5,staticcorr,5,39.586168616,168.379513435,85.319965246,0.61188383,16.677843997,0,0,0.010221886,10.48576,1,,0,,,,16816,,,1177131,62.322042661,batch-cold-round-5,103545.84215545654,79,6.550768893,635,14.186726399,8171,cold-step0-step1-aff-mine,161.828743004,7536,1,16816,0,12,0,0,0,0,19551,,,1094,0,0,0,enforce,0.85,87980,43020,5377,4104,18221,6411,87980,43020,44960,1385637,1385637,241,1177131,True,59760.86180114746,0,1121,1,1,,,90,0,1094,1,12,16.677843997,19551,1681616,0.0008530430155490767,16.677843997,1e-06,0,712,19551,15117,14405,0.61188383,90,False,False,261.822693711,77,,,,,,,mix,90,19320,231,20,168.379513435,0.23510086119402854,f5_mcorr_v283,newmine,/home/mdk/incremental-rule-discovery/exp2026_v7/sweeps/f5_mcorr_v283/k_repeated/ncvoter_ml40/r10/results.csv,2026-09-11T11:22:02
k,r6,6,staticcorr,6,37.124113751,168.764592554,84.430682366,0.611286822,16.268708588,0,0,0.018661515,10.48576,1,,0,,,,16816,,,1177131,62.875357934,batch-cold-round-6,104433.41975402832,78,7.00743292,635,14.451108285,8171,cold-step0-step1-aff-mine,161.757156934,7536,1,16816,0,13,0,0,0,0,19551,,,1094,0,0,0,enforce,0.85,87980,43020,5377,4104,18221,6411,87980,43020,44960,1385637,1385637,263,1177131,True,60740.444763183594,0,1121,1,1,,,91,0,1094,1,12,16.268708588,19551,1681616,0.0008321164435578743,16.268708588,1e-06,0,733,19551,15138,14405,0.611286822,90,False,False,303.120472366,77,,,,,,,mix,90,19299,252,20,168.764592554,0.21997572588646708,f5_mcorr_v283,newmine,/home/mdk/incremental-rule-discovery/exp2026_v7/sweeps/f5_mcorr_v283/k_repeated/ncvoter_ml40/r10/results.csv,2026-09-11T11:22:02
k,r7,7,staticcorr,7,39.800667609,167.705032133,84.263456633,0.628659483,14.918355383,0,0,0.01015099,10.48576,1,,0,,,,16816,,,1177131,62.848042283,batch-cold-round-7,103521.11931610107,78,6.746823137,635,13.846692034,8171,cold-step0-step1-aff-mine,160.958202141,7536,1,16816,0,13,0,0,0,0,19551,,,1094,0,0,0,enforce,0.85,87980,43020,5377,4104,18221,6411,87980,43020,44960,1385637,1385637,302,1177131,True,59066.40895843506,0,1121,1,1,,,91,0,1094,1,12,14.918355383,19551,1681616,0.0007630482012684773,14.918355383,1e-06,0,771,19551,15176,14405,0.628659483,91,False,False,347.345107004,77,,,,,,,mix,91,19261,290,20,167.705032133,0.2373254225158594,f5_mcorr_v283,newmine,/home/mdk/incremental-rule-discovery/exp2026_v7/sweeps/f5_mcorr_v283/k_repeated/ncvoter_ml40/r10/results.csv,2026-09-11T11:22:02
k,r8,8,staticcorr,8,43.441002527,166.903553476,84.055600805,0.632312207,13.038147385,0,0,0.014002131,10.48576,1,,0,,,,16816,,,1177131,62.178739848,batch-cold-round-8,102596.7681350708,77,6.118832106,635,14.550368416,8171,cold-step0-step1-aff-mine,160.78471864,7536,1,16816,0,14,0,0,0,0,19551,,,1094,0,0,0,enforce,0.85,87980,43020,5377,4104,18221,6411,87980,43020,44960,1385637,1385637,149,1177131,True,65321.793884277344,0,1121,1,1,,,91,0,1094,1,12,13.038147385,19551,1681616,0.0006668787982711882,13.038147385,1e-06,0,619,19551,15024,14405,0.632312207,91,False,False,395.197389019,77,,,,,,,mix,91,19413,138,20,166.903553476,0.2602760793421131,f5_mcorr_v283,newmine,/home/mdk/incremental-rule-discovery/exp2026_v7/sweeps/f5_mcorr_v283/k_repeated/ncvoter_ml40/r10/results.csv,2026-09-11T11:22:02
k,r9,9,staticcorr,9,40.154315716,169.492593339,84.808574142,0.635377369,13.915255618,0,0,0.018595298,10.48576,1,,0,,,,16816,,,1177131,62.666588449,batch-cold-round-9,102791.34033203125,78,6.719414166,635,15.298004331,8171,cold-step0-step1-aff-mine,162.773177884,7536,1,16816,0,13,0,0,0,0,19551,,,1094,0,0,0,enforce,0.85,87980,43020,5377,4104,18221,6411,87980,43020,44960,1385637,1385637,297,1177131,True,59646.83654785156,0,1121,1,1,,,91,0,1094,1,12,13.915255618,19551,1681616,0.0007117413747634392,13.915255618,1e-06,0,767,19551,15172,14405,0.635377369,91,False,False,442.667905043,77,,,,,,,mix,91,19265,286,20,169.492593339,0.23690897003202882,f5_mcorr_v283,newmine,/home/mdk/incremental-rule-discovery/exp2026_v7/sweeps/f5_mcorr_v283/k_repeated/ncvoter_ml40/r10/results.csv,2026-09-11T11:22:02
l,d0.2,0.2,naive,0,49.327509835,116.242991793,53.419265068,0.093703591,0.0,42.384270378,5.544571027,0.285576016,10.48576,1,,0.428907635,,,,3681.0,,,257758.0,4.318172484000001,batch-cold-round-0,2016.622459411621,266.0,28.153659391999998,2427.0,30.351851216,24752.0,cold-step0-step1-aff-mine,88.089324963,22325.0,0.2,3680.0,0.0,1.0,1.0,2.0,125144,125144,221573.0,,,0.0,0.0,0.0,0.0,enforce,0.85,0.0,0.0,5377,2089,48613.0,23772.0,124520,124520,0,33,33,3366.0,257759.0,True,596.0695571899414,0,3826.0,1,1,,,2873,0,0.0,0,0,0,0,368229.0,3.452111481972768e-05,4.320110393,1e-06,624,0,0,0,0,0.008715186,170,False,False,50.382968038,266.0,,,,,,,mix,170,218208.0,3365.0,20,116.242991793,0.4243482473579146,f5_mcorr_v283,newmine,/home/mdk/incremental-rule-discovery/exp2026_v7/sweeps/f5_mcorr_v283/l_dblp_dsize/d0.2/results.csv,2026-09-11T11:22:02
l,d0.2,0.2,noaux,0,39.461587253,116.242991793,53.419265068,0.06426024699999999,0.0,33.641122882,5.165986763,0.287270081,10.48576,1,,0.123912499,,,,3681.0,,,257758.0,4.318172484000001,batch-cold-round-0,2016.622459411621,266.0,28.153659391999998,2427.0,30.351851216,24752.0,cold-step0-step1-aff-mine,88.089324963,22325.0,0.2,3680.0,0.0,1.0,1.0,2.0,125144,125144,221573.0,,,0.0,0.0,0.0,0.0,enforce,0.85,0.0,0.0,5377,2089,48613.0,23772.0,124520,124520,0,33,33,3366.0,257759.0,True,614.8908157348633,0,3826.0,1,1,,,2873,0,0.0,0,0,0,0,368229.0,2.1526150826248162e-05,2.693868619,1e-06,624,0,0,0,0,0.009478052,170,False,False,40.583105162,266.0,,,,,,,mix,170,218208.0,3365.0,20,116.242991793,0.33947497947464494,f5_mcorr_v283,newmine,/home/mdk/incremental-rule-discovery/exp2026_v7/sweeps/f5_mcorr_v283/l_dblp_dsize/d0.2/results.csv,2026-09-11T11:22:02
l,d0.2,0.2,nocs,0,19.461680952,116.242991793,53.419265068,0.059612768000000003,3.2128605240000003,9.9823e-05,4.358115563,0.182391395,10.48576,1,,0.160061341,,,,3681.0,,,257758.0,4.318172484000001,batch-cold-round-0,2016.622459411621,266.0,28.153659391999998,2427.0,30.351851216,24752.0,cold-step0-step1-aff-mine,88.089324963,22325.0,0.2,3680.0,0.0,1.0,1.0,2.0,2,2,26583.0,,,3698.0,2.0,11.0,0.0,enforce,0.85,256316.0,87398.0,5377,8003,48613.0,23772.0,153140,43592,109548,33,33,369.0,257759.0,True,252.48402404785156,0,3826.0,1,1,,,172,0,3698.0,1,16,0.062413668,5884,368229.0,1.0624318660774983e-05,0.062513491,1e-06,0,1857,5884,1857,0,0.007404753,170,False,False,20.764993923,266.0,,,,,,,mix,170,26217.0,368.0,20,116.242991793,0.16742240243314138,f5_mcorr_v283,newmine,/home/mdk/incremental-rule-discovery/exp2026_v7/sweeps/f5_mcorr_v283/l_dblp_dsize/d0.2/results.csv,2026-09-11T11:22:02
l,d0.2,0.2,pincminer,0,7.142942703999999,116.242991793,53.419265068,0.057402055,1.821829865,7.851e-06,4.4534389480000005,0.120011135,10.48576,1,,0.122173472,,,,3681.0,,,257758.0,4.318172484000001,batch-cold-round-0,2016.622459411621,266.0,28.153659391999998,2427.0,30.351851216,24752.0,cold-step0-step1-aff-mine,88.089324963,22325.0,0.2,3680.0,0.0,1.0,1.0,2.0,2,2,26583.0,4091.0,4091.0,3698.0,2.0,11.0,0.0,enforce,0.85,256316.0,87398.0,5377,8003,48613.0,23772.0,153140,43592,109548,33,33,318.0,257759.0,True,246.10831451416016,0,3826.0,1,1,4091.0,4091.0,172,0,3698.0,1,16,0.024945148,5884,368229.0,4.240822399728076e-06,0.024952999,1e-06,0,487,5884,1852,1365,0.005514757,170,False,False,8.204723024,266.0,fine-tune,match,1851,266.0,29bb5c20de0d3c6edb73424242dfa9e20541c26b9d548c3a81e74fddbec2874e,c7713f4b703b3ede31bf2a80444357222f92228106943ff05aa7a13085af788e,mix,170,26268.0,317.0,20,116.242991793,0.06144837287670479,f5_mcorr_v283,newmine,/home/mdk/incremental-rule-discovery/exp2026_v7/sweeps/f5_mcorr_v283/l_dblp_dsize/d0.2/results.csv,2026-09-11T11:22:02
l,d0.2,0.2,staticcorr,0,6.741599163,116.242991793,53.419265068,0.078357043,5.756378786,0.0,0.0,0.25259650899999997,10.48576,1,,0,,,,3681.0,,,257758.0,4.318172484000001,batch-cold-round-0,2016.622459411621,266.0,28.153659391999998,2427.0,30.351851216,24752.0,cold-step0-step1-aff-mine,88.089324963,22325.0,0.2,3680.0,0.0,1.0,1.0,2.0,0,0,54128.0,,,3698.0,0.0,0.0,0.0,enforce,0.85,256316.0,117536.0,5377,8003,48613.0,23772.0,153140,73730,79410,33,33,299.0,257759.0,True,392.64263916015625,0,3826.0,1,1,,,172,0,3698.0,1,16,0.233705608,33429,368229.0,6.9911037721738616e-06,0.233705608,1e-06,0,2311,33429,27277,24966,0.007280678,170,False,False,7.793095719,266.0,,,,,,,mix,170,53830.0,298.0,20,116.242991793,0.057995747175925406,f5_mcorr_v283,newmine,/home/mdk/incremental-rule-discovery/exp2026_v7/sweeps/f5_mcorr_v283/l_dblp_dsize/d0.2/results.csv,2026-09-11T11:22:02
l,d0.4,0.4,naive,0,68.047241302,128.747684786,65.258752034,0.129618729,0.0,42.728637058,7.190809109,0.449790178,10.48576,1,,0.298243908,,,,7362.0,,,515520.0,6.078783254,batch-cold-round-0,1898.3753356933594,227.0,28.386175825000002,2561.0,29.023943866000003,23196.0,cold-step0-step1-aff-mine,100.361504109,20635.0,0.4,7362.0,0.0,0.0,0.0,0.0,124932,124932,220223.0,,,0.0,0.0,0.0,0.0,enforce,0.85,0.0,0.0,5377,862,31138.0,11091.0,124308,124308,0,135,135,3394.0,515520.0,True,783.4221572875977,0,2317.0,1,1,,,2910,0,0.0,0,0,0,0,736460.0,7.131604473633656e-05,8.909656101,1e-06,624,0,0,0,0,0.017558749,141,False,False,69.110823243,227.0,,,,,,,mix,141,216829.0,3394.0,20,128.747684786,0.5285317667273458,f5_mcorr_v283,newmine,/home/mdk/incremental-rule-discovery/exp2026_v7/sweeps/f5_mcorr_v283/l_dblp_dsize/d0.4/results.csv,2026-09-11T11:22:02
l,d0.4,0.4,noaux,0,53.616432363,128.747684786,65.258752034,0.114382695,0.0,34.638414278,6.704293091,0.298277758,10.48576,1,,0.046348306,,,,7362.0,,,515520.0,6.078783254,batch-cold-round-0,1898.3753356933594,227.0,28.386175825000002,2561.0,29.023943866000003,23196.0,cold-step0-step1-aff-mine,100.361504109,20635.0,0.4,7362.0,0.0,0.0,0.0,0.0,124932,124932,220223.0,,,0.0,0.0,0.0,0.0,enforce,0.85,0.0,0.0,5377,862,31138.0,11091.0,124308,124308,0,135,135,3394.0,515520.0,True,700.6753463745117,0,2317.0,1,1,,,2910,0,0.0,0,0,0,0,736460.0,4.077895527166779e-05,5.09459644,1e-06,624,0,0,0,0,0.016488878,141,False,False,54.588592569999996,227.0,,,,,,,mix,141,216829.0,3394.0,20,128.747684786,0.4164457982457657,f5_mcorr_v283,newmine,/home/mdk/incremental-rule-discovery/exp2026_v7/sweeps/f5_mcorr_v283/l_dblp_dsize/d0.4/results.csv,2026-09-11T11:22:02
l,d0.4,0.4,nocs,0,26.919525926,128.747684786,65.258752034,0.123355219,4.6723843579999995,0.0,6.280775566,0.152579456,10.48576,1,,0.058321536,,,,7362.0,,,515520.0,6.078783254,batch-cold-round-0,1898.3753356933594,227.0,28.386175825000002,2561.0,29.023943866000003,23196.0,cold-step0-step1-aff-mine,100.361504109,20635.0,0.4,7362.0,0.0,0.0,0.0,0.0,0,0,28124.0,,,2187.0,0.0,0.0,0.0,enforce,0.85,182140.0,61124.0,5377,4082,31138.0,11091.0,88512,20336,68176,135,135,284.0,515520.0,True,593.0884170532227,0,2317.0,1,1,,,141,0,2187.0,1,16,0.455834853,8740,736460.0,5.215501750572082e-05,0.455834853,1e-06,0,5131,8740,5131,0,0.014185724,141,False,False,28.326076755,227.0,,,,,,,mix,141,27840.0,284.0,20,128.747684786,0.20908745637441725,f5_mcorr_v283,newmine,/home/mdk/incremental-rule-discovery/exp2026_v7/sweeps/f5_mcorr_v283/l_dblp_dsize/d0.4/results.csv,2026-09-11T11:22:02
l,d0.4,0.4,pincminer,0,9.282607929,128.747684786,65.258752034,0.104721994,2.400099207,0.0,5.810884436,0.191884006,10.48576,1,,0.045748101,,,,7362.0,,,515520.0,6.078783254,batch-cold-round-0,1898.3753356933594,227.0,28.386175825000002,2561.0,29.023943866000003,23196.0,cold-step0-step1-aff-mine,100.361504109,20635.0,0.4,7362.0,0.0,0.0,0.0,0.0,0,0,28124.0,2544.0,2544.0,2187.0,0.0,0.0,0.0,enforce,0.85,182140.0,61124.0,5377,4082,31138.0,11091.0,88512,20336,68176,135,135,286.0,515520.0,True,393.4043960571289,0,2317.0,1,1,2544.0,2544.0,141,0,2187.0,1,16,0.064556396,8740,736460.0,7.38631533180778e-06,0.064556396,1e-06,0,450,8740,5141,4691,0.009857713,141,False,False,10.44453312,227.0,clone,match,1269,227.0,11ba298b65e2e35d6d0a410b226be607fe8c98b34a698e8b2736df47044e9d63,950d0d5971a19b4e3bccaab67af728435e23fcb85cee83a89f99f933ece6cea1,mix,141,27838.0,286.0,20,128.747684786,0.07209922216798875,f5_mcorr_v283,newmine,/home/mdk/incremental-rule-discovery/exp2026_v7/sweeps/f5_mcorr_v283/l_dblp_dsize/d0.4/results.csv,2026-09-11T11:22:02
l,d0.4,0.4,staticcorr,0,8.127434538000001,128.747684786,65.258752034,0.115027891,7.103729248,0.0,0.0,0.157394272,10.48576,1,,0,,,,7362.0,,,515520.0,6.078783254,batch-cold-round-0,1898.3753356933594,227.0,28.386175825000002,2561.0,29.023943866000003,23196.0,cold-step0-step1-aff-mine,100.361504109,20635.0,0.4,7362.0,0.0,0.0,0.0,0.0,0,0,28124.0,,,2187.0,0.0,0.0,0.0,enforce,0.85,182140.0,61124.0,5377,4082,31138.0,11091.0,88512,20336,68176,135,135,298.0,515520.0,True,325.1746826171875,0,2317.0,1,1,,,141,0,2187.0,1,16,0.058527325,8740,736460.0,6.696490274599542e-06,0.058527325,1e-06,0,462,8740,5153,4691,0.009027845,141,False,False,9.265614776,227.0,,,,,,,mix,141,27826.0,298.0,20,128.747684786,0.06312684031180169,f5_mcorr_v283,newmine,/home/mdk/incremental-rule-discovery/exp2026_v7/sweeps/f5_mcorr_v283/l_dblp_dsize/d0.4/results.csv,2026-09-11T11:22:02
l,d0.6,0.6,naive,0,102.678407007,147.940441075,76.540839708,0.19819572,0.0,38.452543569,10.604060531,0.41729167,10.48576,1,,0.47671929,,,,11044.0,,,773282.0,9.595722497,batch-cold-round-0,2172.7021560668945,227.0,29.778871037,2562.0,32.024976705,23197.0,cold-step0-step1-aff-mine,118.16156579599999,20635.0,0.6,11044.0,0.0,1.0,0.0,0.0,124932,124932,220569.0,,,0.0,0.0,0.0,0.0,enforce,0.85,0.0,0.0,5377,862,31138.0,11091.0,124308,124308,0,305,305,3395.0,773282.0,True,1013.9041976928711,0,2317.0,1,1,,,2911,0,0.0,0,0,0,0,1104691.0,8.504710109499568e-05,10.625104434,1e-06,624,0,0,0,0,0.019009635,141,False,False,103.93163577600001,227.0,,,,,,,mix,141,217175.0,3394.0,20,147.940441075,0.6940523244414696,f5_mcorr_v283,newmine,/home/mdk/incremental-rule-discovery/exp2026_v7/sweeps/f5_mcorr_v283/l_dblp_dsize/d0.6/results.csv,2026-09-11T11:22:02
l,d0.6,0.6,noaux,0,75.67295636200001,147.940441075,76.540839708,0.165597344,0.0,26.99436086,9.563032672,0.30579090000000003,10.48576,1,,0.07623954,,,,11044.0,,,773282.0,9.595722497,batch-cold-round-0,2172.7021560668945,227.0,29.778871037,2562.0,32.024976705,23197.0,cold-step0-step1-aff-mine,118.16156579599999,20635.0,0.6,11044.0,0.0,1.0,0.0,0.0,124932,124932,220569.0,,,0.0,0.0,0.0,0.0,enforce,0.85,0.0,0.0,5377,862,31138.0,11091.0,124308,124308,0,305,305,3396.0,773282.0,True,872.9875183105469,0,2317.0,1,1,,,2911,0,0.0,0,0,0,0,1104691.0,4.981733922453815e-05,6.223779824,1e-06,624,0,0,0,0,0.017548614,141,False,False,76.717285125,227.0,,,,,,,mix,141,217175.0,3394.0,20,147.940441075,0.5115096035413116,f5_mcorr_v283,newmine,/home/mdk/incremental-rule-discovery/exp2026_v7/sweeps/f5_mcorr_v283/l_dblp_dsize/d0.6/results.csv,2026-09-11T11:22:02
l,d0.6,0.6,nocs,0,36.095380563,147.940441075,76.540839708,0.163481579,7.819552195,0.0,8.708270742,0.213494396,10.48576,1,,0.068645254,,,,11044.0,,,773282.0,9.595722497,batch-cold-round-0,2172.7021560668945,227.0,29.778871037,2562.0,32.024976705,23197.0,cold-step0-step1-aff-mine,118.16156579599999,20635.0,0.6,11044.0,0.0,1.0,0.0,0.0,0,0,28124.0,,,2187.0,0.0,0.0,0.0,enforce,0.85,182140.0,61124.0,5377,4082,31138.0,11091.0,88512,20336,68176,305,305,295.0,773282.0,True,602.125602722168,0,2317.0,1,1,,,142,0,2187.0,1,16,0.497022963,8740,1104691.0,5.686761590389016e-05,0.497022963,1e-06,0,5137,8740,5137,0,0.014096335,141,False,False,37.66317713,227.0,,,,,,,mix,141,27830.0,294.0,20,147.940441075,0.2439858925707884,f5_mcorr_v283,newmine,/home/mdk/incremental-rule-discovery/exp2026_v7/sweeps/f5_mcorr_v283/l_dblp_dsize/d0.6/results.csv,2026-09-11T11:22:02
l,d0.6,0.6,pincminer,0,13.855257843,147.940441075,76.540839708,0.150591328,3.796976334,0.0,8.692231457,0.156618044,10.48576,1,,0.068935275,,,,11044.0,,,773282.0,9.595722497,batch-cold-round-0,2172.7021560668945,227.0,29.778871037,2562.0,32.024976705,23197.0,cold-step0-step1-aff-mine,118.16156579599999,20635.0,0.6,11044.0,0.0,0.0,0.0,0.0,0,0,28124.0,2544.0,2544.0,2187.0,0.0,0.0,0.0,enforce,0.85,182140.0,61124.0,5377,4082,31138.0,11091.0,88512,20336,68176,305,305,310.0,773282.0,True,223.45069885253906,0,2317.0,1,1,2544.0,2544.0,141,0,2187.0,1,16,0.0604521,8740,1104691.0,6.916716247139588e-06,0.0604521,1e-06,0,443,8740,5134,4691,0.016261332,141,False,False,15.050430648999999,227.0,clone,match,1269,227.0,11ba298b65e2e35d6d0a410b226be607fe8c98b34a698e8b2736df47044e9d63,8f9b5657feb23e891231e8b7c2d6a0667ec88b3517a448028624e4fa142c9f42,mix,141,27814.0,310.0,20,147.940441075,0.09365429589314209,f5_mcorr_v283,newmine,/home/mdk/incremental-rule-discovery/exp2026_v7/sweeps/f5_mcorr_v283/l_dblp_dsize/d0.6/results.csv,2026-09-11T11:22:02
l,d0.6,0.6,staticcorr,0,12.487883024,147.940441075,76.540839708,0.16504329899999998,11.131668623,0.0,0.0,0.167942159,10.48576,1,,0,,,,11044.0,,,773282.0,9.595722497,batch-cold-round-0,2172.7021560668945,227.0,29.778871037,2562.0,32.024976705,23197.0,cold-step0-step1-aff-mine,118.16156579599999,20635.0,0.6,11044.0,0.0,1.0,0.0,0.0,0,0,28124.0,,,2187.0,0.0,0.0,0.0,enforce,0.85,182140.0,61124.0,5377,4082,31138.0,11091.0,88512,20336,68176,305,305,345.0,773282.0,True,455.5246353149414,0,2317.0,1,1,,,142,0,2187.0,1,16,0.080399045,8740,1104691.0,9.198975400457666e-06,0.080399045,1e-06,0,449,8740,5140,4691,0.014997625,141,False,False,13.654328009,227.0,,,,,,,mix,141,27781.0,343.0,20,147.940441075,0.08441155733521934,f5_mcorr_v283,newmine,/home/mdk/incremental-rule-discovery/exp2026_v7/sweeps/f5_mcorr_v283/l_dblp_dsize/d0.6/results.csv,2026-09-11T11:22:02
l,d0.8,0.8,naive,0,170.33200138499998,206.71063222,107.558558027,0.268534959,0.0,64.100462378,14.296775525,0.829294993,10.48576,1,,0.726342209,,,,14726.0,,,1031044.0,13.033812922,batch-cold-round-0,1962.5658416748047,228.0,41.691288306,2182.0,44.426926947,22786.0,cold-step0-step1-aff-mine,165.019332932,20604.0,0.8,14726.0,0.0,1.0,1.0,0.0,124927,124927,220218.0,,,0.0,0.0,0.0,0.0,enforce,0.85,0.0,0.0,5377,873,31410.0,11167.0,124303,124303,0,542,542,3396.0,1031044.0,True,1189.6646270751953,0,2323.0,1,1,,,2912,0,0.0,0,0,0,0,1472922.0,0.00016962391956102364,21.190607399,1e-06,624,0,0,0,0,0.020843078,143,False,False,171.83920279,228.0,,,,,,,mix,143,216823.0,3395.0,20,206.71063222,0.8240118060483574,f5_mcorr_v283,newmine,/home/mdk/incremental-rule-discovery/exp2026_v7/sweeps/f5_mcorr_v283/l_dblp_dsize/d0.8/results.csv,2026-09-11T11:22:02
l,d0.8,0.8,noaux,0,129.523399395,206.71063222,107.558558027,0.27404802,0.0,57.840026056,12.82097463,0.573631068,10.48576,1,,0.095655111,,,,14726.0,,,1031044.0,13.033812922,batch-cold-round-0,1962.5658416748047,228.0,41.691288306,2182.0,44.426926947,22786.0,cold-step0-step1-aff-mine,165.019332932,20604.0,0.8,14726.0,0.0,1.0,1.0,0.0,124927,124927,220218.0,,,0.0,0.0,0.0,0.0,enforce,0.85,0.0,0.0,5377,873,31410.0,11167.0,124303,124303,0,542,542,3396.0,1031044.0,True,1270.5325393676758,0,2323.0,1,1,,,2912,0,0.0,0,0,0,0,1472922.0,0.0001078438886229558,13.472613474,1e-06,624,0,0,0,0,0.017926886,143,False,False,130.865581526,228.0,,,,,,,mix,143,216823.0,3395.0,20,206.71063222,0.6265928269095978,f5_mcorr_v283,newmine,/home/mdk/incremental-rule-discovery/exp2026_v7/sweeps/f5_mcorr_v283/l_dblp_dsize/d0.8/results.csv,2026-09-11T11:22:02
l,d0.8,0.8,nocs,0,45.96857424,206.71063222,107.558558027,0.23945335,9.139725989,2.0681e-05,12.522617752,0.23706628800000001,10.48576,1,,0.108690531,,,,14726.0,,,1031044.0,13.033812922,batch-cold-round-0,1962.5658416748047,228.0,41.691288306,2182.0,44.426926947,22786.0,cold-step0-step1-aff-mine,165.019332932,20604.0,0.8,14726.0,0.0,1.0,1.0,0.0,1,1,23372.0,,,2174.0,1.0,13.0,4.0,enforce,0.85,182136.0,55607.0,5377,4107,31410.0,11167.0,89550,15783,73767,542,542,304.0,1031044.0,True,786.4910430908203,0,2323.0,1,1,,,143,0,2174.0,1,16,0.22613841,4470,1472922.0,5.059487494407159e-05,0.226159091,1e-06,0,1355,4470,1355,0,0.016359319,143,False,False,47.753633436,228.0,,,,,,,mix,143,23070.0,303.0,20,206.71063222,0.2223812764070893,f5_mcorr_v283,newmine,/home/mdk/incremental-rule-discovery/exp2026_v7/sweeps/f5_mcorr_v283/l_dblp_dsize/d0.8/results.csv,2026-09-11T11:22:02
l,d0.8,0.8,pincminer,0,18.754573801,206.71063222,107.558558027,0.275268069,4.78624901,1.6192e-05,12.195473842,0.18722287699999998,10.48576,1,,0.129194155,,,,14726.0,,,1031044.0,13.033812922,batch-cold-round-0,1962.5658416748047,228.0,41.691288306,2182.0,44.426926947,22786.0,cold-step0-step1-aff-mine,165.019332932,20604.0,0.8,14726.0,0.0,1.0,1.0,0.0,1,1,23372.0,2552.0,2552.0,2174.0,1.0,13.0,4.0,enforce,0.85,182136.0,55607.0,5377,4107,31410.0,11167.0,89550,15783,73767,542,542,326.0,1031044.0,True,362.4485321044922,0,2323.0,1,1,2552.0,2552.0,143,0,2174.0,1,16,0.019252454,4470,1472922.0,4.310659060402685e-06,0.019268646,1e-06,0,216,4470,1392,1176,0.02155085,143,False,False,20.386327951,228.0,fine-tune,match,1277,228.0,329e50daac47fb2020cc2bbc305cfcf01cd9ad6017c8caf21a97fa89a5e53dc2,e68eb9667affb4610722bfb4bf0a4624ff01e498b1ce15535ec2d29338419578,mix,143,23048.0,325.0,20,206.71063222,0.09072863644981599,f5_mcorr_v283,newmine,/home/mdk/incremental-rule-discovery/exp2026_v7/sweeps/f5_mcorr_v283/l_dblp_dsize/d0.8/results.csv,2026-09-11T11:22:02
l,d0.8,0.8,staticcorr,0,16.708479024,206.71063222,107.558558027,0.26885694,14.668398138,0.0,0.0,0.37573948399999996,10.48576,1,,0,,,,14726.0,,,1031044.0,13.033812922,batch-cold-round-0,1962.5658416748047,228.0,41.691288306,2182.0,44.426926947,22786.0,cold-step0-step1-aff-mine,165.019332932,20604.0,0.8,14726.0,0.0,1.0,1.0,0.0,0,0,27946.0,,,2174.0,0.0,0.0,0.0,enforce,0.85,182136.0,60784.0,5377,4107,31410.0,11167.0,89550,20960,68590,542,542,320.0,1031044.0,True,497.70140075683594,0,2323.0,1,1,,,143,0,2174.0,1,16,0.180436855,9044,1472922.0,1.9951001216275984e-05,0.180436855,1e-06,0,564,9044,5387,4823,0.017365998,143,False,False,18.186126762,228.0,,,,,,,mix,143,27627.0,319.0,20,206.71063222,0.0808302835928504,f5_mcorr_v283,newmine,/home/mdk/incremental-rule-discovery/exp2026_v7/sweeps/f5_mcorr_v283/l_dblp_dsize/d0.8/results.csv,2026-09-11T11:22:02
l,d1.0,1.0,naive,0,197.526593189,229.53204495300002,130.254723459,0.378659149,0.0,72.823264717,18.254983202,0.788119841,10.48576,1,,0.989548805,,,,18410.0,,,1288807.0,16.202748414,batch-cold-round-0,2084.5897521972656,228.0,41.441156626,2211.0,41.633380397,22809.0,cold-step0-step1-aff-mine,188.090881583,20598.0,1.0,18408.0,0.0,0.0,0.0,1.0,124932,124932,220223.0,,,0.0,0.0,0.0,0.0,enforce,0.85,0.0,0.0,5377,862,31187.0,11112.0,124308,124308,0,847,847,3395.0,1288809.0,True,1373.5593643188477,0,2320.0,1,1,,,2911,0,0.0,0,0,0,0,1841155.0,0.00016269896200332983,20.326306721,1e-06,624,0,0,0,0,0.025050368,140,False,False,199.041249429,227.0,,,,,,,mix,140,216829.0,3394.0,20,229.53204495300002,0.860562163463696,f5_mcorr_v283,newmine,/home/mdk/incremental-rule-discovery/exp2026_v7/sweeps/f5_mcorr_v283/l_dblp_dsize/d1.0/results.csv,2026-09-11T11:22:02
l,d1.0,1.0,noaux,0,153.160481079,229.53204495300002,130.254723459,0.39651671899999996,0.0,61.284255648000006,16.789925682,0.736831578,10.48576,1,,0.174090602,,,,18410.0,,,1288807.0,16.202748414,batch-cold-round-0,2084.5897521972656,228.0,41.441156626,2211.0,41.633380397,22809.0,cold-step0-step1-aff-mine,188.090881583,20598.0,1.0,18408.0,0.0,0.0,0.0,1.0,124932,124932,220223.0,,,0.0,0.0,0.0,0.0,enforce,0.85,0.0,0.0,5377,862,31187.0,11112.0,124308,124308,0,847,847,3395.0,1288809.0,True,1358.3517684936523,0,2320.0,1,1,,,2911,0,0.0,0,0,0,0,1841155.0,0.00010887648466365703,13.602156982,1e-06,624,0,0,0,0,0.01929012,140,False,False,154.72725743,227.0,,,,,,,mix,140,216829.0,3394.0,20,229.53204495300002,0.6672727597158026,f5_mcorr_v283,newmine,/home/mdk/incremental-rule-discovery/exp2026_v7/sweeps/f5_mcorr_v283/l_dblp_dsize/d1.0/results.csv,2026-09-11T11:22:02
l,d1.0,1.0,nocs,0,52.883999640000006,229.53204495300002,130.254723459,0.31097905400000003,9.226866724999999,1.705e-05,15.459892773999998,0.256665913,10.48576,1,,0.120058939,,,,18410.0,,,1288807.0,16.202748414,batch-cold-round-0,2084.5897521972656,228.0,41.441156626,2211.0,41.633380397,22809.0,cold-step0-step1-aff-mine,188.090881583,20598.0,1.0,18408.0,0.0,0.0,0.0,1.0,1,1,23645.0,,,2171.0,1.0,36.0,15.0,enforce,0.85,181182.0,55738.0,5377,4090,31187.0,11112.0,88596,15914,72682,847,847,278.0,1288809.0,True,886.6409149169922,0,2320.0,1,1,,,141,0,2171.0,1,16,0.339192941,4743,1841155.0,7.15180246679317e-05,0.33920999100000004,1e-06,0,1600,4743,1600,0,0.018609549,140,False,False,54.594061824,227.0,,,,,,,mix,140,23368.0,278.0,20,229.53204495300002,0.23039920047254736,f5_mcorr_v283,newmine,/home/mdk/incremental-rule-discovery/exp2026_v7/sweeps/f5_mcorr_v283/l_dblp_dsize/d1.0/results.csv,2026-09-11T11:22:02
l,d1.0,1.0,pincminer,0,24.301273849,229.53204495300002,130.254723459,0.34326127,6.758322077,2.0019e-05,15.46014132,0.199207162,10.48576,1,,0.180888365,,,,18410.0,,,1288807.0,16.202748414,batch-cold-round-0,2084.5897521972656,228.0,41.441156626,2211.0,41.633380397,22809.0,cold-step0-step1-aff-mine,188.090881583,20598.0,1.0,18408.0,0.0,0.0,0.0,1.0,1,1,23645.0,2546.0,2546.0,2171.0,1.0,36.0,15.0,enforce,0.85,181182.0,55738.0,5377,4090,31187.0,11112.0,88596,15914,72682,847,847,346.0,1288809.0,True,346.14379119873047,0,2320.0,1,1,2546.0,2546.0,141,0,2171.0,1,16,0.041895745,4743,1841155.0,8.837394897744044e-06,0.041915764,1e-06,0,234,4743,1607,1373,0.019372163,140,False,False,26.178380619000002,227.0,fine-tune,match,1269,227.0,4e704347e717c4599a7c37af933beb9b922bfedbf1deeb8e74d27a279a7c7881,ab05a7ab0566b3f8d7c4ea9e4516b21103bd7dec0d379e0200f441be0fcc8b9e,mix,140,23300.0,346.0,20,229.53204495300002,0.1058731204785634,f5_mcorr_v283,newmine,/home/mdk/incremental-rule-discovery/exp2026_v7/sweeps/f5_mcorr_v283/l_dblp_dsize/d1.0/results.csv,2026-09-11T11:22:02
l,d1.0,1.0,staticcorr,0,23.208292754,229.53204495300002,130.254723459,0.358959423,21.153443099,0.0,0.0,0.246340317,10.48576,1,,0,,,,18410.0,,,1288807.0,16.202748414,batch-cold-round-0,2084.5897521972656,228.0,41.441156626,2211.0,41.633380397,22809.0,cold-step0-step1-aff-mine,188.090881583,20598.0,1.0,18408.0,0.0,0.0,0.0,1.0,0,0,27812.0,,,2171.0,0.0,0.0,0.0,enforce,0.85,181182.0,60512.0,5377,4090,31187.0,11112.0,88596,20688,67908,847,847,310.0,1288809.0,True,561.8994674682617,0,2320.0,1,1,,,142,0,2171.0,1,16,0.177064103,8910,1841155.0,1.9872514365881033e-05,0.177064103,1e-06,0,446,8910,5276,4830,0.016841788,140,False,False,24.781036128,227.0,,,,,,,mix,140,27503.0,309.0,20,229.53204495300002,0.10111134050477452,f5_mcorr_v283,newmine,/home/mdk/incremental-rule-discovery/exp2026_v7/sweeps/f5_mcorr_v283/l_dblp_dsize/d1.0/results.csv,2026-09-11T11:22:02
m,add1,1,pincminer,,148.81517464,,,4.721082367,,,,,,,19.602102374,0.004067797,2905002326460,1,ncvoter_ml40,16817,138688243244,2766314083216,,,,,,,,,,,,,,,,,,,,,,,,,,,,,,,,,,,,,,,,,,,,,,,,,,,,,,,,,,,,,,,,,,,,,,,,,,,,,,,,,,,,,,f5_mcorr_v264,locked,/home/mdk/incremental-rule-discovery/exp2026_v7/sweeps/f5_mcorr_v264/m_aff,2026-09-11T11:22:02
m,add5,5,pincminer,,161.304293393,,,5.703476163,,,,,,,70.903810412,0.006047244,10548625526087,5,ncvoter_ml40,84081,3493227037153,7055398488934,,,,,,,,,,,,,,,,,,,,,,,,,,,,,,,,,,,,,,,,,,,,,,,,,,,,,,,,,,,,,,,,,,,,,,,,,,,,,,,,,,,,,,f5_mcorr_v264,locked,/home/mdk/incremental-rule-discovery/exp2026_v7/sweeps/f5_mcorr_v264/m_aff,2026-09-11T11:22:02
m,add15,15,pincminer,,111.644883456,,,6.67793929,,,,,,,184.866326606,0.009278676,34806884410077,15,ncvoter_ml40,252243,31898171024901,2908713385176,,,,,,,,,,,,,,,,,,,,,,,,,,,,,,,,,,,,,,,,,,,,,,,,,,,,,,,,,,,,,,,,,,,,,,,,,,,,,,,,,,,,,,f5_mcorr_v264,locked,/home/mdk/incremental-rule-discovery/exp2026_v7/sweeps/f5_mcorr_v264/m_aff,2026-09-11T11:22:02
m,add20,20,pincminer,,23.776452462,,,8.096070753,,,,,,,266.117027205,0.016196009,57381101309993,20,ncvoter_ml40,336324,57381101309993,0,,,,,,,,,,,,,,,,,,,,,,,,,,,,,,,,,,,,,,,,,,,,,,,,,,,,,,,,,,,,,,,,,,,,,,,,,,,,,,,,,,,,,,f5_mcorr_v264,locked,/home/mdk/incremental-rule-discovery/exp2026_v7/sweeps/f5_mcorr_v264/m_aff,2026-09-11T11:22:02
m,add30,30,pincminer,,143.952785988,,,9.787665473,,,,,,,342.791195941,0.005249257,132987352439188,30,ncvoter_ml40,504485,127452810046304,5534542392884,,,,,,,,,,,,,,,,,,,,,,,,,,,,,,,,,,,,,,,,,,,,,,,,,,,,,,,,,,,,,,,,,,,,,,,,,,,,,,,,,,,,,,f5_mcorr_v264,locked,/home/mdk/incremental-rule-discovery/exp2026_v7/sweeps/f5_mcorr_v264/m_aff,2026-09-11T11:22:02
n,p20,20,pincminer,0,12.392046165,42.506262645,21.97588844,0.516321687,1.75279747,0,3.405862813,3.024056519,10.48576,1,,3.268364566,,,,16816,,,1177131,8.680080536,batch-cold-round-0,23818.186653137207,47,6.042647194,408,5.807638322,2373,cold-step0-step1-aff-mine,36.463614404,1965,1,16816,0,8,0,0,0,0,1629,397,397,341,0,0,0,enforce,0.85,14058,4214,2817,1402,2417,644,14058,4214,9844,1385637,1385637,163,1177131,True,6181.818649291992,0,351,1,1,397,397,60,0,341,1,12,1.75279747,1629,1681616,0.0010759959914057704,1.75279747,1e-06,0,173,1629,1303,1130,0.516321687,46,False,False,13.854792847,46,clone,match,307,46,a7e4bfbfcdf472e6751553583b9ab84cffa48efc98c6f40fafb3c98878bc2d45,35b902c01af21d6f55ea8d666276d790e9714cdac1d5f75f48ccac67fb94450c,mix,46,1475,154,20,42.506262645,0.29153459734850795,f5_mcorr_v283,newmine,/home/mdk/incremental-rule-discovery/exp2026_v7/sweeps/f5_mcorr_v283/n_ncvoter_p0/ncvoter_ml20/p20/results.csv,2026-09-11T11:22:02
n,p20,20,nocs,0,20.85799937,42.506262645,21.97588844,0.53765627,1.607518066,0,3.271900408,8.399227546,10.48576,1,,3.158273939,,,,16816,,,1177131,8.680080536,batch-cold-round-0,23818.186653137207,47,6.042647194,408,5.807638322,2373,cold-step0-step1-aff-mine,36.463614404,1965,1,16816,0,8,0,0,0,0,1629,,,341,0,0,0,enforce,0.85,14058,4214,2817,1402,2417,644,14058,4214,9844,1385637,1385637,148,1177131,True,10098.045097351074,0,351,1,1,,,58,0,341,1,12,1.607518066,1629,1681616,0.0009868128090853284,1.607518066,1e-06,0,1280,1629,1280,0,0.53765627,46,False,False,22.176951426,46,,,,,,,mix,46,1498,131,20,42.506262645,0.49070414739117324,f5_mcorr_v283,newmine,/home/mdk/incremental-rule-discovery/exp2026_v7/sweeps/f5_mcorr_v283/n_ncvoter_p0/ncvoter_ml20/p20/results.csv,2026-09-11T11:22:02
n,p20,20,noaux,0,41.109358486,42.506262645,21.97588844,0.552467425,0,8.447062348,3.345670691,10.319496532,10.48576,1,,3.177099634,,,,16816,,,1177131,8.680080536,batch-cold-round-0,23818.186653137207,47,6.042647194,408,5.807638322,2373,cold-step0-step1-aff-mine,36.463614404,1965,1,16816,0,8,0,0,8848,8848,8848,,,0,0,0,0,enforce,0.85,0,0,2817,310,2417,644,8620,8620,0,1385637,1385637,482,1177131,True,19298.7091217041,0,351,1,1,,,473,0,0,0,0,0,0,1681616,0.0009546860700723326,8.447062348,1e-06,228,0,0,0,0,0.552467425,46,False,False,41.87150874,46,,,,,,,mix,46,8383,465,20,42.506262645,0.967136509491165,f5_mcorr_v283,newmine,/home/mdk/incremental-rule-discovery/exp2026_v7/sweeps/f5_mcorr_v283/n_ncvoter_p0/ncvoter_ml20/p20/results.csv,2026-09-11T11:22:02
n,p20,20,naive,0,104.889063752,55.796762574,33.419324559,0.774664047,0,25.723370334,15.036141062,15.243628625,10.48576,1,,14.899306942,,,,16816,,,1177131,5.600329207,batch-cold-round-0,28805.87166595459,47,8.330003234,408,8.447099187,2373,cold-step0-step1-aff-mine,47.466757884,1965,1,16816,0,11,0,0,11262,11262,11262,,,0,0,0,0,enforce,0.85,0,0,2817,310,2417,644,10994,10994,0,1385637,1385637,486,1177131,True,17582.981338500977,0,351,1,1,,,476,0,0,0,0,0,0,1681616,0.0022840854496537027,25.723370334,1e-06,268,0,0,0,0,0.774664047,48,False,False,107.077628033,46,,,,,,,mix,48,10797,465,20,55.796762574,1.8798413906701439,f5_mcorr_v283,newmine,/home/mdk/incremental-rule-discovery/exp2026_v7/sweeps/f5_mcorr_v283/n_ncvoter_p0/ncvoter_ml20/p20/results.csv,2026-09-11T11:22:02
n,p20,20,staticcorr,0,23.974478008,55.796762574,33.419324559,0.570717702,3.269191642,0,0,11.960817047,10.48576,1,,0,,,,16816,,,1177131,5.600329207,batch-cold-round-0,28805.87166595459,47,8.330003234,408,8.447099187,2373,cold-step0-step1-aff-mine,47.466757884,1965,1,16816,0,11,0,0,0,0,1638,,,343,0,0,0,enforce,0.85,14138,4232,2817,1406,2417,644,14138,4232,9906,1385637,1385637,236,1177131,True,6589.059814453125,0,351,1,1,,,65,0,343,1,14,3.269191642,1638,1681616,0.0019958434932844933,3.269191642,1e-06,0,232,1638,1362,1130,0.570717702,48,False,False,25.762045632,46,,,,,,,mix,48,1434,204,20,55.796762574,0.4296750725672308,f5_mcorr_v283,newmine,/home/mdk/incremental-rule-discovery/exp2026_v7/sweeps/f5_mcorr_v283/n_ncvoter_p0/ncvoter_ml20/p20/results.csv,2026-09-11T11:22:02
n,p25,25,pincminer,0,24.223555468,63.391479876,34.572747328,0.728857723,2.494005556,0,5.37802635,8.759803982,10.48576,1,,5.270999067,,,,16816,,,1177131,11.601607776,batch-cold-round-0,22589.042053222656,55,9.197378579,586,8.019736095,3651,cold-step0-step1-aff-mine,54.194099517,3065,1,16816,0,9,0,0,0,0,3630,575,575,510,0,0,0,enforce,0.85,25538,8796,3457,2021,4658,1392,25538,8796,16742,1385637,1385637,257,1177131,True,7954.8364334106445,0,521,1,1,575,575,67,0,510,1,14,2.494005556,3630,1681616,0.0006870538721763085,2.494005556,1e-06,0,298,3630,3067,2769,0.728857723,56,False,False,26.14561913,54,clone,match,424,54,f30cb5a9c42aef59276ce78cf0c30507e321f3e83bca4f5c7c6e29fa4ccc8b99,fe5c9840e7c2496e84a5411d7f1c2cb19c1f918e94cbcd44dc3378d5ffe4402e,mix,56,3392,238,20,63.391479876,0.3821263601257404,f5_mcorr_v283,newmine,/home/mdk/incremental-rule-discovery/exp2026_v7/sweeps/f5_mcorr_v283/n_ncvoter_p0/ncvoter_ml25/p25/results.csv,2026-09-11T11:22:02
n,p25,25,nocs,0,34.926933535,63.391479876,34.572747328,0.72596626,3.516239176,0,5.420054503,12.122113917,10.48576,1,,5.320591193,,,,16816,,,1177131,11.601607776,batch-cold-round-0,22589.042053222656,55,9.197378579,586,8.019736095,3651,cold-step0-step1-aff-mine,54.194099517,3065,1,16816,0,10,0,0,0,0,3630,,,510,0,0,0,enforce,0.85,25538,8796,3457,2021,4658,1392,25538,8796,16742,1385637,1385637,152,1177131,True,13277.784538269043,0,521,1,1,,,68,0,510,1,14,3.516239176,3630,1681616,0.0009686609300275482,3.516239176,1e-06,0,2951,3630,2951,0,0.72596626,56,False,False,36.56270446,54,,,,,,,mix,56,3508,122,20,63.391479876,0.5509720486620684,f5_mcorr_v283,newmine,/home/mdk/incremental-rule-discovery/exp2026_v7/sweeps/f5_mcorr_v283/n_ncvoter_p0/ncvoter_ml25/p25/results.csv,2026-09-11T11:22:02
n,p25,25,noaux,0,79.339006217,63.391479876,34.572747328,0.503863694,0,10.559033341,5.204753103,15.101928933,10.48576,1,,5.010667759,,,,16816,,,1177131,11.601607776,batch-cold-round-0,22589.042053222656,55,9.197378579,586,8.019736095,3651,cold-step0-step1-aff-mine,54.194099517,3065,1,16816,0,9,0,0,23000,23000,23000,,,0,0,0,0,enforce,0.85,0,0,3457,471,4658,1392,22662,22662,0,1385637,1385637,740,1177131,True,22095.311714172363,0,521,1,1,,,721,0,0,0,0,0,0,1681616,0.00045908840613043475,10.559033341,1e-06,338,0,0,0,0,0.503863694,56,False,False,80.343099382,54,,,,,,,mix,56,22289,711,20,63.391479876,1.2515720783328446,f5_mcorr_v283,newmine,/home/mdk/incremental-rule-discovery/exp2026_v7/sweeps/f5_mcorr_v283/n_ncvoter_p0/ncvoter_ml25/p25/results.csv,2026-09-11T11:22:02
n,p25,25,naive,0,108.050532491,60.779521149,36.490594329,0.595445301,0,30.086816764,24.856107,11.65608316,10.48576,1,,24.648133852,,,,16816,,,1177131,7.076308767,batch-cold-round-0,28443.92642211914,54,8.474976804,586,8.737634072,3651,cold-step0-step1-aff-mine,52.304543604,3065,1,16816,0,12,0,0,20623,20623,20623,,,0,0,0,0,enforce,0.85,0,0,3457,471,4658,1392,20310,20310,0,1385637,1385637,729,1177131,True,22284.573097229004,0,521,1,1,,,723,0,0,0,0,0,0,1681616,0.0014588962209183922,30.086816764,1e-06,313,0,0,0,0,0.595445301,55,False,False,109.227419921,54,,,,,,,mix,55,19912,711,20,60.779521149,1.777745701979387,f5_mcorr_v283,newmine,/home/mdk/incremental-rule-discovery/exp2026_v7/sweeps/f5_mcorr_v283/n_ncvoter_p0/ncvoter_ml25/p25/results.csv,2026-09-11T11:22:02
n,p25,25,staticcorr,0,24.448429873,60.779521149,36.490594329,0.627550835,4.04126935,0,0,11.991384384,10.48576,1,,0,,,,16816,,,1177131,7.076308767,batch-cold-round-0,28443.92642211914,54,8.474976804,586,8.737634072,3651,cold-step0-step1-aff-mine,52.304543604,3065,1,16816,0,16,0,0,0,0,3625,,,509,0,0,0,enforce,0.85,25488,8786,3457,2019,4658,1392,25488,8786,16702,1385637,1385637,289,1177131,True,8370.026763916016,0,521,1,1,,,72,0,509,1,13,4.04126935,3625,1681616,0.0011148329241379312,4.04126935,1e-06,0,309,3625,3078,2769,0.627550835,55,False,False,25.683430004999998,54,,,,,,,mix,55,3371,254,20,60.779521149,0.40224781983828195,f5_mcorr_v283,newmine,/home/mdk/incremental-rule-discovery/exp2026_v7/sweeps/f5_mcorr_v283/n_ncvoter_p0/ncvoter_ml25/p25/results.csv,2026-09-11T11:22:02
n,p30,30,pincminer,0,35.630548107,83.617801652,44.58933825,0.599202398,4.997160154,0,11.252006763,7.456933659,10.48576,1,,11.115683102,,,,16816,,,1177131,17.76937253,batch-cold-round-0,26157.08814239502,64,11.393093906,791,9.865987158,5146,cold-step0-step1-aff-mine,72.224706944,4355,1,16816,0,10,0,0,0,0,7942,780,780,699,0,0,0,enforce,0.85,42218,18094,4097,2699,7999,2910,42218,18094,24124,1385637,1385637,210,1177131,True,10286.576271057129,0,716,1,1,780,780,80,0,699,1,13,4.997160154,7942,1681616,0.0006292067683203224,4.997160154,1e-06,0,339,7942,5788,5449,0.599202398,65,False,False,37.204168398,64,clone,match,529,64,0338801530157c2559093d3b5b79aa484920f5a7e2e4c58e5ae8fa270489fb43,6032977a202fb9a48309d567ccfa06784efe0ebc1857d59438a2ca4d5a1af697,mix,65,7748,194,20,83.617801652,0.4261119929376639,f5_mcorr_v283,newmine,/home/mdk/incremental-rule-discovery/exp2026_v7/sweeps/f5_mcorr_v283/n_ncvoter_p0/ncvoter_ml30/p30/results.csv,2026-09-11T11:22:02
n,p30,30,nocs,0,55.037786152,83.617801652,44.58933825,0.614318021,4.158230244,0,10.962704483,9.917846035,10.48576,1,,10.817457109,,,,16816,,,1177131,17.76937253,batch-cold-round-0,26157.08814239502,64,11.393093906,791,9.865987158,5146,cold-step0-step1-aff-mine,72.224706944,4355,1,16816,0,10,0,0,0,0,7942,,,699,0,0,0,enforce,0.85,42218,18094,4097,2699,7999,2910,42218,18094,24124,1385637,1385637,213,1177131,True,15660.260604858398,0,716,1,1,,,80,0,699,1,13,4.158230244,7942,1681616,0.0005235746970536389,4.158230244,1e-06,0,5782,7942,5782,0,0.614318021,65,False,False,56.679804454,64,,,,,,,mix,65,7754,188,20,83.617801652,0.6582065668391509,f5_mcorr_v283,newmine,/home/mdk/incremental-rule-discovery/exp2026_v7/sweeps/f5_mcorr_v283/n_ncvoter_p0/ncvoter_ml30/p30/results.csv,2026-09-11T11:22:02
n,p30,30,noaux,0,99.932537821,83.617801652,44.58933825,0.765797134,0,23.577895062,11.07061166,13.280553886,10.48576,1,,10.748110677,,,,16816,,,1177131,17.76937253,batch-cold-round-0,26157.08814239502,64,11.393093906,791,9.865987158,5146,cold-step0-step1-aff-mine,72.224706944,4355,1,16816,0,10,0,0,36413,36413,36413,,,0,0,0,0,enforce,0.85,0,0,4097,651,7999,2910,36035,36035,0,1385637,1385637,1096,1177131,True,28155.28338623047,0,716,1,1,,,1081,0,0,0,0,0,0,1681616,0.0006475131151511823,23.577895062,1e-06,378,0,0,0,0,0.765797134,65,False,False,101.135355693,64,,,,,,,mix,65,35342,1071,20,83.617801652,1.1951107999334707,f5_mcorr_v283,newmine,/home/mdk/incremental-rule-discovery/exp2026_v7/sweeps/f5_mcorr_v283/n_ncvoter_p0/ncvoter_ml30/p30/results.csv,2026-09-11T11:22:02
n,p30,30,naive,0,215.41442467,110.778724018,64.802219773,0.797754262,0,59.89587538,43.794438428,13.67647417,10.48576,1,,43.442397912,,,,16816,,,1177131,15.726327576,batch-cold-round-0,31640.704055786133,65,15.713978617,791,14.536187651,5146,cold-step0-step1-aff-mine,95.064744161,4355,1,16816,0,10,0,0,32266,32266,32266,,,0,0,0,0,enforce,0.85,0,0,4097,651,7999,2910,31918,31918,0,1385637,1385637,1083,1177131,True,26097.222969055176,0,716,1,1,,,1082,0,0,0,0,0,0,1681616,0.00185631548317114,59.89587538,1e-06,348,0,0,0,0,0.797754262,64,False,False,217.841992991,64,,,,,,,mix,64,31195,1071,20,110.778724018,1.9445469026615447,f5_mcorr_v283,newmine,/home/mdk/incremental-rule-discovery/exp2026_v7/sweeps/f5_mcorr_v283/n_ncvoter_p0/ncvoter_ml30/p30/results.csv,2026-09-11T11:22:02
n,p30,30,staticcorr,0,30.555531297,80.069245279,42.553210751,0.663010645,5.68889391,0,0,11.056237236,10.48576,1,,0,,,,16816,,,1177131,17.231241037,batch-cold-round-0,28639.0955657959,66,10.340308921,791,9.94447399,5146,cold-step0-step1-aff-mine,69.728935166,4355,1,16816,0,11,0,0,0,0,7939,,,698,0,0,0,enforce,0.85,42158,18088,4097,2697,7999,2910,42158,18088,24070,1385637,1385637,241,1177131,True,9622.181579589844,0,716,1,1,,,83,0,698,1,12,5.68889391,7939,1681616,0.0007165756279128353,5.68889391,1e-06,0,360,7939,5809,5449,0.663010645,64,False,False,32.083723805,64,,,,,,,mix,64,7721,218,20,80.069245279,0.3816138292615316,f5_mcorr_v283,newmine,/home/mdk/incremental-rule-discovery/exp2026_v7/sweeps/f5_mcorr_v283/n_ncvoter_p0/ncvoter_ml30/p30/results.csv,2026-09-11T11:22:02
n,p35,35,pincminer,0,47.167084291,133.332131081,86.348834336,0.993136747,5.895601287,0,9.016857691,17.256865017,10.48576,1,,8.838981577,,,,16816,,,1177131,16.364132011,batch-cold-round-0,31665.23627471924,70,15.718414747,794,14.900738579,6476,cold-step0-step1-aff-mine,117.613715002,5682,1,16816,0,14,0,0,0,0,7498,783,783,688,0,0,0,enforce,0.85,52588,17392,4737,2798,10491,2378,52588,17392,35196,1385637,1385637,401,1177131,True,10677.410522460938,0,713,1,1,783,783,84,0,688,1,14,5.895601287,7498,1681616,0.0007862898488930381,5.895601287,1e-06,0,528,7498,6114,5586,0.993136747,72,False,False,50.133778538,70,clone,match,638,70,8fe6facce16c68ca72c166d798d5eaa518c41950736a4bd6362bb96584a956e0,3e4cf42e7738ec4cabef95272eead25724f2464ba2d7548c0e4184995ed225d9,mix,72,7119,379,20,133.332131081,0.3537563219652264,f5_mcorr_v283,newmine,/home/mdk/incremental-rule-discovery/exp2026_v7/sweeps/f5_mcorr_v283/n_ncvoter_p0/ncvoter_ml35/p35/results.csv,2026-09-11T11:22:02
n,p35,35,nocs,0,58.412668021,127.230995457,88.72762224,0.665838493,5.744943405,0,7.022034419,10.926660772,10.48576,1,,6.684432924,,,,16816,,,1177131,12.982723856,batch-cold-round-0,31068.254508972168,72,11.758268698,794,13.762372366,6476,cold-step0-step1-aff-mine,115.47272566,5682,1,16816,0,7,0,0,0,0,7475,,,686,0,0,0,enforce,0.85,52448,17346,4737,2794,10491,2378,52448,17346,35102,1385637,1385637,217,1177131,True,18311.23062133789,0,713,1,1,,,78,0,686,1,12,5.744943405,7475,1681616,0.0007685543016722408,5.744943405,1e-06,0,5912,7475,5912,0,0.665838493,70,False,False,60.298406308,70,,,,,,,mix,70,7275,200,20,127.230995457,0.45910721527555454,f5_mcorr_v283,newmine,/home/mdk/incremental-rule-discovery/exp2026_v7/sweeps/f5_mcorr_v283/n_ncvoter_p0/ncvoter_ml35/p35/results.csv,2026-09-11T11:22:02
n,p35,35,noaux,0,164.850078269,127.230995457,88.72762224,0.690719859,0,22.397064343,8.347329169,10.86017198,10.48576,1,,7.808229567,,,,16816,,,1177131,12.982723856,batch-cold-round-0,31068.254508972168,72,11.758268698,794,13.762372366,6476,cold-step0-step1-aff-mine,115.47272566,5682,1,16816,0,7,0,0,52143,52143,52143,,,0,0,0,0,enforce,0.85,0,0,4737,652,10491,2378,51735,51735,0,1385637,1385637,1480,1177131,True,29013.104873657227,0,713,1,1,,,1471,0,0,0,0,0,0,1681616,0.000429531564025852,22.397064343,1e-06,408,0,0,0,0,0.690719859,70,False,False,166.46088139,70,,,,,,,mix,70,50680,1463,20,127.230995457,1.2956754576734726,f5_mcorr_v283,newmine,/home/mdk/incremental-rule-discovery/exp2026_v7/sweeps/f5_mcorr_v283/n_ncvoter_p0/ncvoter_ml35/p35/results.csv,2026-09-11T11:22:02
n,p35,35,naive,0,257.825023873,117.210662165,79.036640869,0.809045389,0,84.034469558,39.557837833,11.747561945,10.48576,1,,39.18287978,,,,16816,,,1177131,13.196690354,batch-cold-round-0,33151.64991760254,71,13.116615969,794,11.860705061,6476,cold-step0-step1-aff-mine,104.094045215,5682,1,16816,0,8,0,0,52143,52143,52143,,,0,0,0,0,enforce,0.85,0,0,4737,652,10491,2378,51735,51735,0,1385637,1385637,1473,1177131,True,29120.22625732422,0,713,1,1,,,1472,0,0,0,0,0,0,1681616,0.0016116155487409622,84.034469558,1e-06,408,0,0,0,0,0.809045389,70,False,False,260.604665033,70,,,,,,,mix,70,50680,1463,20,117.210662165,2.199672104147438,f5_mcorr_v283,newmine,/home/mdk/incremental-rule-discovery/exp2026_v7/sweeps/f5_mcorr_v283/n_ncvoter_p0/ncvoter_ml35/p35/results.csv,2026-09-11T11:22:02
n,p35,35,staticcorr,0,31.501590532,117.210662165,79.036640869,0.709361471,5.585758469,0,0,12.148176722,10.48576,1,,0,,,,16816,,,1177131,13.196690354,batch-cold-round-0,33151.64991760254,71,13.116615969,794,11.860705061,6476,cold-step0-step1-aff-mine,104.094045215,5682,1,16816,0,8,0,0,0,0,7475,,,686,0,0,0,enforce,0.85,52448,17346,4737,2794,10491,2378,52448,17346,35102,1385637,1385637,259,1177131,True,10932.8666305542,0,713,1,1,,,79,0,686,1,12,5.585758469,7475,1681616,0.0007472586580602006,5.585758469,1e-06,0,366,7475,5952,5586,0.709361471,70,False,False,33.522435844,70,,,,,,,mix,70,7235,240,20,117.210662165,0.26876045190884196,f5_mcorr_v283,newmine,/home/mdk/incremental-rule-discovery/exp2026_v7/sweeps/f5_mcorr_v283/n_ncvoter_p0/ncvoter_ml35/p35/results.csv,2026-09-11T11:22:02
n,p40,40,pincminer,0,72.336457405,184.360617978,112.821331579,0.637547542,12.395547548,0,19.093795269,6.5341727,10.48576,1,,18.535809373,,,,16816,,,1177131,28.034939587,batch-cold-round-0,32714.201385498047,81,21.032135959,1213,22.472202021,8749,cold-step0-step1-aff-mine,163.328480465,7536,1,16816,0,13,0,0,0,0,19551,1201,1201,1094,0,0,0,enforce,0.85,87980,43020,5377,4104,18221,6411,87980,43020,44960,1385637,1385637,361,1177131,True,16252.335258483887,0,1121,1,1,1201,1201,94,0,1094,1,12,12.395547548,19551,1681616,0.0006340109226126541,12.395547548,1e-06,0,826,19551,15231,14405,0.637547542,80,False,False,74.921864478,80,clone,match,743,80,33c645db40d3ef299017131af23655d0232b25ceb1cb0f6a77f5efae61478596,50b7d47d56e913f05a42e69ee2fa7c517a00e0cae6280f37a9b0f4720eb524d6,mix,80,19205,346,20,184.360617978,0.39236393432805705,f5_mcorr_v283,newmine,/home/mdk/incremental-rule-discovery/exp2026_v7/sweeps/f5_mcorr_v283/n_ncvoter_p0/ncvoter_ml40/p40/results.csv,2026-09-11T11:22:02
n,p40,40,nocs,0,145.104864804,184.360617978,112.821331579,0.773177868,16.521840856,0,20.624977929,15.243061902,10.48576,1,,20.402430118,,,,16816,,,1177131,28.034939587,batch-cold-round-0,32714.201385498047,81,21.032135959,1213,22.472202021,8749,cold-step0-step1-aff-mine,163.328480465,7536,1,16816,0,14,0,0,0,0,19551,,,1094,0,0,0,enforce,0.85,87980,43020,5377,4104,18221,6411,87980,43020,44960,1385637,1385637,174,1177131,True,20529.38966369629,0,1121,1,1,,,95,0,1094,1,12,16.521840856,19551,1681616,0.000845063723390108,16.521840856,1e-06,0,15029,19551,15029,0,0.773177868,80,False,False,148.044772013,80,,,,,,,mix,80,19407,144,20,184.360617978,0.7870708310454652,f5_mcorr_v283,newmine,/home/mdk/incremental-rule-discovery/exp2026_v7/sweeps/f5_mcorr_v283/n_ncvoter_p0/ncvoter_ml40/p40/results.csv,2026-09-11T11:22:02
n,p40,40,noaux,0,211.977593578,184.360617978,112.821331579,0.857347244,0,105.464928686,20.931719717,18.625562974,10.48576,1,,19.9681561,,,,16816,,,1177131,28.034939587,batch-cold-round-0,32714.201385498047,81,21.032135959,1213,22.472202021,8749,cold-step0-step1-aff-mine,163.328480465,7536,1,16816,0,14,0,0,78183,78183,78183,,,0,0,0,0,enforce,0.85,0,0,5377,1026,18221,6411,77715,77715,0,1385637,1385637,2053,1177131,True,30619.574462890625,0,1121,1,1,,,2038,0,0,0,0,0,0,1681616,0.0013489496269777316,105.464928686,1e-06,468,0,0,0,0,0.857347244,80,False,False,214.002186651,80,,,,,,,mix,80,76160,2023,20,184.360617978,1.1497986712286654,f5_mcorr_v283,newmine,/home/mdk/incremental-rule-discovery/exp2026_v7/sweeps/f5_mcorr_v283/n_ncvoter_p0/ncvoter_ml40/p40/results.csv,2026-09-11T11:22:02
n,p40,40,naive,0,347.584379386,162.652346169,99.581159923,1.007927201,0,126.387439158,67.582348415,13.462677579,10.48576,1,,67.04176673,,,,16816,,,1177131,21.393910331,batch-cold-round-0,32292.95994567871,82,23.103337465,1213,18.573929336,8749,cold-step0-step1-aff-mine,139.549006078,7536,1,16816,0,8,0,0,88170,88170,88170,,,0,0,0,0,enforce,0.85,0,0,5377,1026,18221,6411,87662,87662,0,1385637,1385637,2036,1177131,True,32429.786659240723,0,1121,1,1,,,2032,0,0,0,0,0,0,1681616,0.00143345173140524,126.387439158,1e-06,508,0,0,0,0,1.007927201,81,False,False,350.473265071,80,,,,,,,mix,81,86147,2023,20,162.652346169,2.136977348146278,f5_mcorr_v283,newmine,/home/mdk/incremental-rule-discovery/exp2026_v7/sweeps/f5_mcorr_v283/n_ncvoter_p0/ncvoter_ml40/p40/results.csv,2026-09-11T11:22:02
n,p40,40,staticcorr,0,60.833185536,162.652346169,99.581159923,0.980489667,22.35411364,0,0,11.205879464,10.48576,1,,0,,,,16816,,,1177131,21.393910331,batch-cold-round-0,32292.95994567871,82,23.103337465,1213,18.573929336,8749,cold-step0-step1-aff-mine,139.549006078,7536,1,16816,0,8,0,0,0,0,19583,,,1095,0,0,0,enforce,0.85,88060,43084,5377,4106,18221,6411,88060,43084,44976,1385637,1385637,333,1177131,True,14589.42839050293,0,1121,1,1,,,89,0,1095,1,13,22.35411364,19583,1681616,0.0011415060838482357,22.35411364,1e-06,0,829,19583,15234,14405,0.980489667,81,False,False,63.768185012000004,80,,,,,,,mix,81,19271,312,20,162.652346169,0.37400742730629133,f5_mcorr_v283,newmine,/home/mdk/incremental-rule-discovery/exp2026_v7/sweeps/f5_mcorr_v283/n_ncvoter_p0/ncvoter_ml40/p40/results.csv,2026-09-11T11:22:02
o,sig1e-6,1e-6,pincminer,0,36.486759788,156.575172694,93.032011424,0.787802051,0.831542054,12.607196437,0.48672036,3.659397203,10.48576,1,,0.004688966,,,,2210,,,154657,1.42127076,batch-cold-round-0,9723.035263061523,89,29.558707519,1060,32.563173053,7429,cold-step0-step1-aff-mine,127.01646332,6369,1,0,0,49,15,5,3308,8396,2955,1563,1563,1418,609,638,575,enforce,0.85,42719,23720,2433,7311,5190,3201,42719,23720,18999,24607,23918,160,156867,True,4142.9528732299805,0,1464,1,1,1563,1563,160,0,1418,1,17,0.831542054,4326,220940,0.004547796443654823,13.438738491,1e-06,0,277,4326,3647,3370,0.787802051,106,False,False,37.038631554,89,fine-tune,match,297,105,aab8b4a96a0eff08bfdcac46391ef07da5033bb52d0f5d67e47c6d93b5719fff,8fe442a4c33358107e3df36e959d2144231c81a7b21baed909d0c107137fbdaa,add,106,7506,128,20,156.575172694,0.23303030206013103,f5_mcorr_v283,newmine,/home/mdk/incremental-rule-discovery/exp2026_v7/sweeps/f5_mcorr_v283/o_inspection_sigma/sig1e-6/results.csv,2026-09-11T11:22:02
o,sig1e-6,1e-6,nocs,0,114.596763376,156.575172694,93.032011424,0.605071567,1.057204071,18.837359783,0.538910164,5.459188592,10.48576,1,,0.004144028,,,,2210,,,154657,1.42127076,batch-cold-round-0,9723.035263061523,89,29.558707519,1060,32.563173053,7429,cold-step0-step1-aff-mine,127.01646332,6369,1,0,0,53,15,5,16106,48964,14480,,,1418,609,638,575,enforce,0.85,87460,64386,2433,17752,5190,3201,87460,64386,23074,24607,23918,197,156867,True,4421.037712097168,0,1464,1,1,,,165,0,1418,1,17,1.057204071,4326,220940,0.0013739339678176797,19.894563854,1e-06,0,3565,4326,3565,0,0.605071567,106,False,False,115.023094214,89,,,,,,,add,106,20301,131,20,156.575172694,0.7318961327282724,f5_mcorr_v283,newmine,/home/mdk/incremental-rule-discovery/exp2026_v7/sweeps/f5_mcorr_v283/o_inspection_sigma/sig1e-6/results.csv,2026-09-11T11:22:02
o,sig1e-6,1e-6,noaux,0,66.531087071,156.575172694,93.032011424,0.654422201,0,46.228509386,2.133912363,4.348011978,10.48576,1,,0.00382445,,,,2210,,,154657,1.42127076,batch-cold-round-0,9723.035263061523,89,29.558707519,1060,32.563173053,7429,cold-step0-step1-aff-mine,127.01646332,6369,1,0,0,77,15,5,19610,19610,19610,,,0,0,0,0,enforce,0.85,0,0,2433,1028,5190,3201,19338,19338,0,24607,23918,3770,156867,True,12644.446075439453,0,1464,1,1,,,3738,0,0,0,0,0,0,220940,0.00235739466527282,46.228509386,1e-06,272,0,0,0,0,0.654422201,106,False,False,66.92298629,89,,,,,,,add,106,15908,3702,20,156.575172694,0.4249146651175911,f5_mcorr_v283,newmine,/home/mdk/incremental-rule-discovery/exp2026_v7/sweeps/f5_mcorr_v283/o_inspection_sigma/sig1e-6/results.csv,2026-09-11T11:22:02
o,sig1e-6,1e-6,naive,0,114.554075631,98.942801408,48.000568075,0.731454897,0,110.017343544,1.190209618,0.700483277,10.48576,1,,0.003695267,,,,2210,,,154657,0.862584426,batch-cold-round-0,8313.008964538574,90,23.558105938,1060,26.521534588,7429,cold-step0-step1-aff-mine,75.384693952,6369,1,0,0,62,15,5,19610,19610,19610,,,0,0,0,0,enforce,0.85,0,0,2433,1028,5190,3201,19338,19338,0,24607,23918,3722,156867,True,11521.87629699707,0,1464,1,1,,,3723,0,0,0,0,0,0,220940,0.005610267391330953,110.017343544,1e-06,272,0,0,0,0,0.731454897,106,False,False,114.885912505,89,,,,,,,add,106,15908,3702,20,98.942801408,1.1577807986113657,f5_mcorr_v283,newmine,/home/mdk/incremental-rule-discovery/exp2026_v7/sweeps/f5_mcorr_v283/o_inspection_sigma/sig1e-6/results.csv,2026-09-11T11:22:02
o,sig1e-6,1e-6,staticcorr,0,12.10752799,98.942801408,48.000568075,0.438730823,1.239481487,1.199420967,0,3.995978671,10.48576,0.6,,0,,,,2210,,,154657,0.862584426,batch-cold-round-0,8313.008964538574,90,23.558105938,1060,26.521534588,7429,cold-step0-step1-aff-mine,75.384693952,6369,1,0,0,41,15,5,3868,7861,3233,,,1418,0,0,0,enforce,0.85,43822,28265,2433,7338,5190,3201,43822,28265,15557,24607,23918,191,156867,True,4258.212936401367,0,1464,1,1,,,169,0,1418,1,17,1.239481487,8327,220940,0.0007543774989174142,2.438902454,1e-06,0,435,8327,7190,6755,0.438730823,106,False,False,12.439546018,89,,,,,,,add,106,12047,148,20,98.942801408,0.12236896285231973,f5_mcorr_v283,newmine,/home/mdk/incremental-rule-discovery/exp2026_v7/sweeps/f5_mcorr_v283/o_inspection_sigma/sig1e-6/results.csv,2026-09-11T11:22:02
o,sig1e-5,1e-5,pincminer,0,4.789846842,99.760371168,52.669070486,0.375931654,0.946399841,0.124937031,0.250282764,0.042276698,10.48576,1,,0.002855564,,,,2209,,,154658,0.62107078,batch-cold-round-0,6988.7938232421875,85,22.735998557,847,23.734222755,5747,cold-step0-step1-aff-mine,77.024371203,4900,1,0,0,1,0,0,1493,2449,1268,831,831,717,0,0,0,enforce,0.85,24042,11077,2433,3535,2714,1180,24042,11077,12965,246072,239190,117,156867,True,3051.953414916992,0,746,1,1,831,831,117,0,717,1,17,0.946399841,3334,220940,0.0008449028958990536,1.071336872,1e-05,0,149,3334,2695,2546,0.375931654,86,False,False,5.19141884,85,clone,match,219,85,bff145913e8f29178067bf731f5a6bd4da0a8252eddd425a457a0fe69eeaaf99,2c409d28ea858457dae4f73e7fb65d2964285621d66a7ee9a2efe50f9f7601a0,add,86,4711,116,20,99.760371168,0.048013522663560744,f5_mcorr_v283,newmine,/home/mdk/incremental-rule-discovery/exp2026_v7/sweeps/f5_mcorr_v283/o_inspection_sigma/sig1e-5/results.csv,2026-09-11T11:22:02
o,sig1e-5,1e-5,nocs,0,31.849920071,99.760371168,52.669070486,0.347302071,1.702015332,0.634287188,0.259627592,0.055842813,10.48576,1,,0.002823425,,,,2209,,,154658,0.62107078,batch-cold-round-0,6988.7938232421875,85,22.735998557,847,23.734222755,5747,cold-step0-step1-aff-mine,77.024371203,4900,1,0,0,1,0,0,8449,15123,6716,,,717,0,0,0,enforce,0.85,47956,23882,2433,8253,2714,1180,47956,23882,24074,246072,239190,114,156867,True,3797.0628204345703,0,746,1,1,,,114,0,717,1,17,1.702015332,3334,220940,0.0003478711316259678,2.33630252,1e-05,0,2671,3334,2671,0,0.347302071,86,False,False,32.350327667,85,,,,,,,add,86,11670,113,20,99.760371168,0.3192642499030362,f5_mcorr_v283,newmine,/home/mdk/incremental-rule-discovery/exp2026_v7/sweeps/f5_mcorr_v283/o_inspection_sigma/sig1e-5/results.csv,2026-09-11T11:22:02
o,sig1e-5,1e-5,noaux,0,62.886852193,99.760371168,52.669070486,0.369846146,0,56.077989838,1.430079842,0.048815157,10.48576,1,,0.002893504,,,,2209,,,154658,0.62107078,batch-cold-round-0,6988.7938232421875,85,22.735998557,847,23.734222755,5747,cold-step0-step1-aff-mine,77.024371203,4900,1,0,0,35,0,0,17118,17118,17118,,,0,0,0,0,enforce,0.85,0,0,2433,488,2714,1180,16846,16846,0,246072,239190,3150,156867,True,12024.62117767334,0,746,1,1,,,3150,0,0,0,0,0,0,220940,0.003275966224909452,56.077989838,1e-05,272,0,0,0,0,0.369846146,86,False,False,63.17005836,85,,,,,,,add,86,13969,3149,20,99.760371168,0.6303790919852965,f5_mcorr_v283,newmine,/home/mdk/incremental-rule-discovery/exp2026_v7/sweeps/f5_mcorr_v283/o_inspection_sigma/sig1e-5/results.csv,2026-09-11T11:22:02
o,sig1e-5,1e-5,naive,0,147.077678845,99.913353848,54.461936857,0.486457536,0,142.220163879,1.444916914,1.190779611,10.48576,1,,0.002074361,,,,2209,,,154658,0.658436994,batch-cold-round-0,8063.650108337402,85,22.472459673,847,22.320512319,5747,cold-step0-step1-aff-mine,77.440892994,4900,1,0,0,34,0,0,17118,17118,17118,,,0,0,0,0,enforce,0.85,0,0,2433,488,2714,1180,16846,16846,0,246072,239190,3149,156867,True,11757.609130859375,0,746,1,1,,,3149,0,0,0,0,0,0,220940,0.008308223149842272,142.220163879,1e-05,272,0,0,0,0,0.486457536,85,False,False,147.443659766,85,,,,,,,add,85,13969,3149,20,99.913353848,1.472052265093132,f5_mcorr_v283,newmine,/home/mdk/incremental-rule-discovery/exp2026_v7/sweeps/f5_mcorr_v283/o_inspection_sigma/sig1e-5/results.csv,2026-09-11T11:22:02
o,sig1e-5,1e-5,staticcorr,0,4.341863633,99.913353848,54.461936857,0.365610211,0.826765165,0.910109607,0,0.039495795,10.48576,1,,0,,,,2209,,,154658,0.658436994,batch-cold-round-0,8063.650108337402,85,22.472459673,847,22.320512319,5747,cold-step0-step1-aff-mine,77.440892994,4900,1,0,0,0,0,0,1493,2449,1266,,,717,0,0,0,enforce,0.85,24042,11077,2433,3535,2714,1180,24042,11077,12965,246072,239190,115,156867,True,3344.235336303711,0,746,1,1,,,112,0,717,1,17,0.826765165,3334,220940,0.0013719389984202211,1.736874772,1e-05,0,148,3334,2694,2546,0.365610211,85,False,False,4.752382547,85,,,,,,,add,85,4712,115,20,99.913353848,0.043456289532682046,f5_mcorr_v283,newmine,/home/mdk/incremental-rule-discovery/exp2026_v7/sweeps/f5_mcorr_v283/o_inspection_sigma/sig1e-5/results.csv,2026-09-11T11:22:02
o,sig1e-4,1e-4,pincminer,0,1.759372689,66.734132807,26.78493279,0.292455572,0.321039942,0.127473175,0.16098229,0.063971566,10.48576,1,,0.001562331,,,,2209,,,154658,0.433466392,batch-cold-round-0,5078.544456481934,53,19.432329767,733,20.083395154,3671,cold-step0-step1-aff-mine,47.301802062,2938,1,0,0,0,0,0,1015,1707,729,711,711,378,0,0,0,enforce,0.85,15756,7876,2433,2319,1593,839,15756,7876,7880,2460725,2391909,56,156867,True,2372.5921630859375,0,658,1,1,711,711,56,0,378,1,17,0.321039942,2070,220940,0.0006152443305898491,0.448513117,0.0001,0,99,2070,1735,1636,0.292455572,53,False,False,1.965101902,53,clone,match,129,53,f5bbc90974fb008a03490aaa18e21b6ee7521ad38df2a33369c0728ea8be55aa,eaaea0fdf28520413fea39318132b1002a55c99edbedacfa38a4d7ca80fd1d4a,add,53,3029,56,20,66.734132807,0.02636391026595393,f5_mcorr_v283,newmine,/home/mdk/incremental-rule-discovery/exp2026_v7/sweeps/f5_mcorr_v283/o_inspection_sigma/sig1e-4/results.csv,2026-09-11T11:22:02
o,sig1e-4,1e-4,nocs,0,9.670760224,66.734132807,26.78493279,0.285876053,0.692242389,0.38320208,0.143616779,0.06667101,10.48576,1,,0.001553816,,,,2209,,,154658,0.433466392,batch-cold-round-0,5078.544456481934,53,19.432329767,733,20.083395154,3671,cold-step0-step1-aff-mine,47.301802062,2938,1,0,0,0,0,0,6206,11286,3352,,,378,0,0,0,enforce,0.85,27938,17529,2433,5062,1593,839,27938,17529,10409,2460725,2391909,56,156867,True,2752.343963623047,0,658,1,1,,,56,0,378,1,17,0.692242389,2070,220940,0.0003208366554295943,1.075444469,0.0001,0,1309,2070,1309,0,0.285876053,53,False,False,9.935345626,53,,,,,,,add,53,8220,56,20,66.734132807,0.14491475077631635,f5_mcorr_v283,newmine,/home/mdk/incremental-rule-discovery/exp2026_v7/sweeps/f5_mcorr_v283/o_inspection_sigma/sig1e-4/results.csv,2026-09-11T11:22:02
o,sig1e-4,1e-4,noaux,0,37.850348088,66.734132807,26.78493279,0.261462757,0,36.325633056,0.392640895,0.08062995,10.48576,1,,0.00150814,,,,2209,,,154658,0.433466392,batch-cold-round-0,5078.544456481934,53,19.432329767,733,20.083395154,3671,cold-step0-step1-aff-mine,47.301802062,2938,1,0,0,26,0,0,13057,13057,13057,,,0,0,0,0,enforce,0.85,0,0,2433,304,1593,839,12785,12785,0,2460725,2391909,1133,156867,True,10016.92300415039,0,658,1,1,,,1133,0,0,0,0,0,0,220940,0.0027820811102090832,36.325633056,0.0001,272,0,0,0,0,0.261462757,53,False,False,38.131599334,53,,,,,,,add,53,11924,1133,20,66.734132807,0.5671812383846506,f5_mcorr_v283,newmine,/home/mdk/incremental-rule-discovery/exp2026_v7/sweeps/f5_mcorr_v283/o_inspection_sigma/sig1e-4/results.csv,2026-09-11T11:22:02
o,sig1e-4,1e-4,naive,0,102.810291257,63.700320926,25.874517792,0.379610457,0,102.00564856,0.32714188,0.381482033,10.48576,1,,0.001557867,,,,2209,,,154658,0.418427655,batch-cold-round-0,4217.225807189941,53,18.085705433,733,19.321663213,3671,cold-step0-step1-aff-mine,45.614614387,2938,1,0,0,26,0,0,13057,13057,13057,,,0,0,0,0,enforce,0.85,0,0,2433,304,1593,839,12785,12785,0,2460725,2391909,1133,156867,True,10707.803237915039,0,658,1,1,,,1133,0,0,0,0,0,0,220940,0.007812334269740369,102.00564856,0.0001,272,0,0,0,0,0.379610457,53,False,False,103.021116119,53,,,,,,,add,53,11924,1133,20,63.700320926,1.6139681835580333,f5_mcorr_v283,newmine,/home/mdk/incremental-rule-discovery/exp2026_v7/sweeps/f5_mcorr_v283/o_inspection_sigma/sig1e-4/results.csv,2026-09-11T11:22:02
o,sig1e-4,1e-4,staticcorr,0,1.483941369,63.700320926,25.874517792,0.257724163,0.362314931,0.281719734,0,0.055748474,10.48576,1,,0,,,,2209,,,154658,0.418427655,batch-cold-round-0,4217.225807189941,53,18.085705433,733,19.321663213,3671,cold-step0-step1-aff-mine,45.614614387,2938,1,0,0,1,0,0,1015,1707,722,,,378,0,0,0,enforce,0.85,15756,7876,2433,2319,1593,839,15756,7876,7880,2460725,2391909,62,156867,True,2163.194091796875,0,658,1,1,,,63,0,378,1,17,0.362314931,2070,220940,0.0008920147714681439,0.644034665,0.0001,0,119,2070,1755,1636,0.257724163,53,False,False,1.710441097,53,,,,,,,add,53,3024,61,20,63.700320926,0.02329566550730379,f5_mcorr_v283,newmine,/home/mdk/incremental-rule-discovery/exp2026_v7/sweeps/f5_mcorr_v283/o_inspection_sigma/sig1e-4/results.csv,2026-09-11T11:22:02
o,sig1e-3,1e-3,pincminer,0,2.4586014609999998,59.945376046,18.186510007,0.19297972,0.772009136,0.257890017,0.083493519,0.131376554,10.48576,1,,0.002085353,,,,2209,,,154658,0.462446239,batch-cold-round-0,3741.791572570801,15,22.65891629,766,18.637496537,2298,cold-step0-step1-aff-mine,37.286458325,1532,1,0,0,0,0,0,972,1454,716,734,734,361,0,0,0,enforce,0.85,12076,9582,2433,2270,720,720,12076,9582,2494,24607255,23919096,14,156867,True,2798.602584838867,0,720,1,1,734,734,14,0,361,1,17,0.772009136,2510,220940,0.0014384066382681566,1.0298991530000001,0.001,0,147,2510,2249,2102,0.19297972,14,False,False,2.7623267929999997,14,clone,match,18,14,de7b528a2d5c646a7dfb3be98be6b0efd1a6f5e87e041da8bc4f57fa013936ec,ba23bbfd522fdeeefeaf0f395874494b0de0e9d24601c8351e4a876153409df8,add,14,3468,14,20,59.945376046,0.04101403015827867,f5_mcorr_v283,newmine,/home/mdk/incremental-rule-discovery/exp2026_v7/sweeps/f5_mcorr_v283/o_inspection_sigma/sig1e-3/results.csv,2026-09-11T11:22:02
o,sig1e-3,1e-3,nocs,0,9.316004326,59.945376046,18.186510007,0.193145669,0.699122588,1.03438497,0.084888012,0.460513365,10.48576,1,,0.00340458,,,,2209,,,154658,0.462446239,batch-cold-round-0,3741.791572570801,15,22.65891629,766,18.637496537,2298,cold-step0-step1-aff-mine,37.286458325,1532,1,0,0,0,0,0,5376,8384,3072,,,361,0,0,0,enforce,0.85,19120,16626,2433,4766,720,720,19120,16626,2494,24607255,23919096,14,156867,True,4046.21533203125,0,720,1,1,,,14,0,361,1,17,0.699122588,2510,220940,0.0005642928248697917,1.7335075580000001,0.001,0,1476,2510,1476,0,0.193145669,14,False,False,9.588995839,14,,,,,,,add,14,7872,14,20,59.945376046,0.155408222293096,f5_mcorr_v283,newmine,/home/mdk/incremental-rule-discovery/exp2026_v7/sweeps/f5_mcorr_v283/o_inspection_sigma/sig1e-3/results.csv,2026-09-11T11:22:02
o,sig1e-3,1e-3,noaux,0,44.408255412,59.945376046,18.186510007,0.188202286,0,43.862602357,0.130338393,0.385889491,10.48576,1,,0.003092406,,,,2209,,,154658,0.462446239,batch-cold-round-0,3741.791572570801,15,22.65891629,766,18.637496537,2298,cold-step0-step1-aff-mine,37.286458325,1532,1,0,0,0,0,0,12058,12058,12058,,,0,0,0,0,enforce,0.85,0,0,2433,246,720,720,11786,11786,0,24607255,23919096,118,156867,True,10533.86434173584,0,720,1,1,,,118,0,0,0,0,0,0,220940,0.0036376349607729307,43.862602357,0.001,272,0,0,0,0,0.188202286,14,False,False,44.711900817,14,,,,,,,add,14,11940,118,20,59.945376046,0.7408120248995127,f5_mcorr_v283,newmine,/home/mdk/incremental-rule-discovery/exp2026_v7/sweeps/f5_mcorr_v283/o_inspection_sigma/sig1e-3/results.csv,2026-09-11T11:22:02
o,sig1e-3,1e-3,naive,0,118.175076183,62.095568928,20.983169378,0.590661474,0,117.335856585,0.140463353,0.557160288,10.48576,1,,0.001582138,,,,2209,,,154658,0.405194294,batch-cold-round-0,4061.95255279541,14,21.338100272,766,19.369096494,2298,cold-step0-step1-aff-mine,40.757467778,1532,1,0,0,0,0,0,12058,12058,12058,,,0,0,0,0,enforce,0.85,0,0,2433,246,720,720,11786,11786,0,24607255,23919096,118,156867,True,12424.537879943848,0,720,1,1,,,118,0,0,0,0,0,0,220940,0.009730955099104328,117.335856585,0.001,272,0,0,0,0,0.590661474,14,False,False,118.543320262,14,,,,,,,add,14,11940,118,20,62.095568928,1.9031160873978683,f5_mcorr_v283,newmine,/home/mdk/incremental-rule-discovery/exp2026_v7/sweeps/f5_mcorr_v283/o_inspection_sigma/sig1e-3/results.csv,2026-09-11T11:22:02
o,sig1e-3,1e-3,staticcorr,0,2.046071163,62.095568928,20.983169378,0.169147881,0.6333254,0.021840951,0,0.449367899,10.48576,1,,0,,,,2209,,,154658,0.405194294,batch-cold-round-0,4061.95255279541,14,21.338100272,766,19.369096494,2298,cold-step0-step1-aff-mine,40.757467778,1532,1,0,0,0,0,0,972,1454,700,,,361,0,0,0,enforce,0.85,12076,9582,2433,2270,720,720,12076,9582,2494,24607255,23919096,14,156867,True,3412.271629333496,0,720,1,1,,,14,0,361,1,17,0.6333254,2510,220940,0.0009359519300000002,0.6551663510000001,0.001,0,144,2510,2238,2094,0.169147881,14,False,False,2.310322413,14,,,,,,,add,14,3468,14,20,62.095568928,0.03295035697913366,f5_mcorr_v283,newmine,/home/mdk/incremental-rule-discovery/exp2026_v7/sweeps/f5_mcorr_v283/o_inspection_sigma/sig1e-3/results.csv,2026-09-11T11:22:02
o,sig1e-2,1e-2,pincminer,0,2.318303825,84.780882984,28.591046736,0.222672522,1.046368302,0.1319271,0.124250615,0.058065866,10.48576,1,,0.001815433,,,,2209,,,154658,0.63865476,batch-cold-round-0,4023.3994369506836,14,27.591666276,703,27.95950874,2109,cold-step0-step1-aff-mine,57.189215618,1406,1,0,0,0,0,0,803,1103,475,671,671,226,0,0,0,enforce,0.85,10066,7572,2433,1756,571,571,10066,7572,2494,246072556,239190969,14,156867,True,3094.855354309082,0,657,1,1,671,671,14,0,226,1,17,1.046368302,1689,220940,0.0024806218989473685,1.178295402,0.01,0,135,1689,1559,1424,0.222672522,14,False,False,2.709026352,14,clone,match,18,14,f54d03ad4be5f69d06102bdf388dbfd80fc261d711366fbbc77792ac6542e9ba,c5351ee4a4b24aef459255de881295a17e4e157d9b4f3a3dffc6132bb87dcba3,add,14,2478,14,20,84.780882984,0.02734465298547922,f5_mcorr_v283,newmine,/home/mdk/incremental-rule-discovery/exp2026_v7/sweeps/f5_mcorr_v283/o_inspection_sigma/sig1e-2/results.csv,2026-09-11T11:22:02
o,sig1e-2,1e-2,nocs,0,6.312332512,84.780882984,28.591046736,0.229351589,1.106701553,0.191277918,0.121045246,0.682635655,10.48576,1,,0.002964108,,,,2209,,,154658,0.63865476,batch-cold-round-0,4023.3994369506836,14,27.591666276,703,27.95950874,2109,cold-step0-step1-aff-mine,57.189215618,1406,1,0,0,0,0,0,4037,5720,1409,,,226,0,0,0,enforce,0.85,14758,12264,2433,3229,571,571,14758,12264,2494,246072556,239190969,14,156867,True,3378.648094177246,0,657,1,1,,,14,0,226,1,17,1.106701553,1689,220940,0.000921206154009936,1.2979794709999999,0.01,0,866,1689,866,0,0.229351589,14,False,False,6.689681617,14,,,,,,,add,14,5712,14,20,84.780882984,0.07445466819673575,f5_mcorr_v283,newmine,/home/mdk/incremental-rule-discovery/exp2026_v7/sweeps/f5_mcorr_v283/o_inspection_sigma/sig1e-2/results.csv,2026-09-11T11:22:02
o,sig1e-2,1e-2,noaux,0,60.403443147,84.780882984,28.591046736,0.21911874,0,59.905436907,0.162530994,0.393081701,10.48576,1,,0.001951625,,,,2209,,,154658,0.63865476,batch-cold-round-0,4023.3994369506836,14,27.591666276,703,27.95950874,2109,cold-step0-step1-aff-mine,57.189215618,1406,1,0,0,1,0,0,11972,11972,11972,,,0,0,0,0,enforce,0.85,0,0,2433,173,571,571,11700,11700,0,246072556,239190969,89,156867,True,11385.074714660645,0,657,1,1,,,89,0,0,0,0,0,0,220940,0.005003795264533912,59.905436907,0.01,272,0,0,0,0,0.21911874,14,False,False,60.741737074,14,,,,,,,add,14,11884,88,20,84.780882984,0.712465369798041,f5_mcorr_v283,newmine,/home/mdk/incremental-rule-discovery/exp2026_v7/sweeps/f5_mcorr_v283/o_inspection_sigma/sig1e-2/results.csv,2026-09-11T11:22:02
o,sig1e-2,1e-2,naive,0,122.813996325,59.870670091,19.6712132,0.474281306,0,122.074565809,0.130717288,0.263671226,10.48576,1,,0.002549946,,,,2209,,,154658,0.414615113,batch-cold-round-0,3970.1622009277344,14,19.800749458,703,19.984085165,2109,cold-step0-step1-aff-mine,40.06991943,1406,1,0,0,1,0,0,11972,11972,11972,,,0,0,0,0,enforce,0.85,0,0,2433,173,571,571,11700,11700,0,246072556,239190969,89,156867,True,12341.929817199707,0,657,1,1,,,89,0,0,0,0,0,0,220940,0.010196672720431007,122.074565809,0.01,272,0,0,0,0,0.474281306,14,False,False,123.234854354,14,,,,,,,add,14,11884,88,20,59.870670091,2.0513215592598137,f5_mcorr_v283,newmine,/home/mdk/incremental-rule-discovery/exp2026_v7/sweeps/f5_mcorr_v283/o_inspection_sigma/sig1e-2/results.csv,2026-09-11T11:22:02
o,sig1e-2,1e-2,staticcorr,0,1.652942113,59.870670091,19.6712132,0.194898832,0.737252856,0.516318735,0,0.675936238,10.48576,1,,0,,,,2209,,,154658,0.414615113,batch-cold-round-0,3970.1622009277344,14,19.800749458,703,19.984085165,2109,cold-step0-step1-aff-mine,40.06991943,1406,1,0,0,1,0,0,803,1103,462,,,226,0,0,0,enforce,0.85,10066,7572,2433,1756,571,571,10066,7572,2494,246072556,239190969,15,156867,True,3715.3477630615234,0,657,1,1,,,15,0,226,1,17,0.737252856,1689,220940,0.002713358422077922,1.253571591,0.01,0,132,1689,1558,1426,0.194898832,14,False,False,1.914498543,14,,,,,,,add,14,2478,14,20,59.870670091,0.027608545394391316,f5_mcorr_v283,newmine,/home/mdk/incremental-rule-discovery/exp2026_v7/sweeps/f5_mcorr_v283/o_inspection_sigma/sig1e-2/results.csv,2026-09-11T11:22:02
p,conf0.7,0.7,pincminer,0,1.44710628,59.834478612,23.501628103,0.108354847,0.408951467,0.071532979,0.082452958,1.215973435,10.48576,1,,0.001290862,,,,2210,,,154657,0.154602662,batch-cold-round-0,5289.475891113281,92,18.486798407,402,17.691440553,2156,cold-step0-step1-aff-mine,41.347678591,1754,1,0,0,69,0,0,375,514,275,386,386,287,0,0,0,enforce,0.85,13145,3936,2433,1476,1551,342,13145,3936,9209,24607,23918,222,156867,True,1419.3858337402344,0,295,1,1,386,386,168,0,287,1,18,0.408951467,1247,220940,0.0017472161672727274,0.480484446,1e-06,0,149,1247,848,699,0.108354847,93,False,False,1.823699508,91,clone,match,285,91,fb069c55aa0f57279e12b23db96fc0c2b5c425cf69cb54d277e77dcf6fc0e68a,fc2683692d5199771aec4af4b3f08216b3d1ea659557c91c5b5dfd374dc44fba,add,93,1474,148,20,59.834478612,0.024185157346884246,f5_mcorr_v283,newmine,/home/mdk/incremental-rule-discovery/exp2026_v7/sweeps/f5_mcorr_v283/p_inspection_delta/conf0.7/results.csv,2026-09-11T11:22:02
p,conf0.7,0.7,nocs,0,4.024646007,59.834478612,23.501628103,0.101907746,0.2736375,0.141625239,0.069739748,3.169649551,10.48576,1,,0.001322768,,,,2210,,,154657,0.154602662,batch-cold-round-0,5289.475891113281,92,18.486798407,402,17.691440553,2156,cold-step0-step1-aff-mine,41.347678591,1754,1,0,0,76,0,0,1709,3600,1195,,,287,0,0,0,enforce,0.85,20053,7022,2433,2436,1551,342,20053,7022,13031,24607,23918,281,156867,True,2255.339195251465,0,295,1,1,,,181,0,287,1,18,0.2736375,1247,220940,0.0003475002,0.415262739,1e-06,0,832,1247,832,0,0.101907746,93,False,False,4.454623532,91,,,,,,,add,93,2824,132,20,59.834478612,0.06726299117767937,f5_mcorr_v283,newmine,/home/mdk/incremental-rule-discovery/exp2026_v7/sweeps/f5_mcorr_v283/p_inspection_delta/conf0.7/results.csv,2026-09-11T11:22:02
p,conf0.7,0.7,noaux,0,11.429928957,59.834478612,23.501628103,0.10910315,0,9.271117682,0.282739902,10.976118877,10.48576,1,,0.000841174,,,,2210,,,154657,0.154602662,batch-cold-round-0,5289.475891113281,92,18.486798407,402,17.691440553,2156,cold-step0-step1-aff-mine,41.347678591,1754,1,0,0,196,0,0,6130,6130,6130,,,0,0,0,0,enforce,0.85,0,0,2433,212,1551,342,5841,5841,0,24607,23918,984,156867,True,7378.596420288086,0,295,1,1,,,888,0,0,0,0,0,0,220940,0.0015124172401305056,9.271117682,1e-06,289,0,0,0,0,0.10910315,93,False,False,11.726515667,91,,,,,,,add,93,5303,827,20,59.834478612,0.19102579686735485,f5_mcorr_v283,newmine,/home/mdk/incremental-rule-discovery/exp2026_v7/sweeps/f5_mcorr_v283/p_inspection_delta/conf0.7/results.csv,2026-09-11T11:22:02
p,conf0.7,0.7,naive,0,22.622093982,63.229112849,27.01947936,0.153275607,0,20.182868127,0.221920457,7.706412279,10.48576,1,,0.001337723,,,,2210,,,154657,0.179608844,batch-cold-round-0,5452.283843994141,91,17.968285204,402,18.061730869,2156,cold-step0-step1-aff-mine,45.260826793,1754,1,0,0,260,0,0,6454,6454,6454,,,0,0,0,0,enforce,0.85,0,0,2433,212,1551,342,6148,6148,0,24607,23918,979,156867,True,9493.184951782227,0,295,1,1,,,952,0,0,0,0,0,0,220940,0.003127187500309885,20.182868127,1e-06,306,0,0,0,0,0.153275607,93,False,False,22.977682655,91,,,,,,,add,93,5547,907,20,63.229112849,0.35777971511358597,f5_mcorr_v283,newmine,/home/mdk/incremental-rule-discovery/exp2026_v7/sweeps/f5_mcorr_v283/p_inspection_delta/conf0.7/results.csv,2026-09-11T11:22:02
p,conf0.7,0.7,staticcorr,0,1.6383835869999999,63.229112849,27.01947936,0.101453138,0.197508263,0.040064681,0,1.50235983,10.48576,1,,0,,,,2210,,,154657,0.179608844,batch-cold-round-0,5452.283843994141,91,17.968285204,402,18.061730869,2156,cold-step0-step1-aff-mine,45.260826793,1754,1,0,0,76,0,0,397,545,284,,,288,0,0,0,enforce,0.85,13261,3991,2433,1489,1551,342,13261,3991,9270,24607,23918,331,156867,True,1480.8606262207031,0,295,1,1,,,176,0,288,1,19,0.197508263,1259,220940,0.0008365244507042253,0.23757294399999998,1e-06,0,189,1259,888,699,0.101453138,93,False,False,1.958718204,91,,,,,,,add,93,1469,187,20,63.229112849,0.025911854732371304,f5_mcorr_v283,newmine,/home/mdk/incremental-rule-discovery/exp2026_v7/sweeps/f5_mcorr_v283/p_inspection_delta/conf0.7/results.csv,2026-09-11T11:22:02
p,conf0.8,0.8,pincminer,0,1.260240034,56.172670739,21.999654616,0.102165456,0.231581099,0.018250846,0.101296359,1.021586614,10.48576,1,,0.001385832,,,,2210,,,154657,0.196050013,batch-cold-round-0,5084.151100158691,84,16.9153664,485,17.061591908,2349,cold-step0-step1-aff-mine,39.257303478,1864,1,0,0,55,0,0,481,909,365,469,469,373,0,0,0,enforce,0.85,15479,6712,2433,1806,1969,734,15479,6712,8767,24607,23918,240,156867,True,1700.2507934570312,0,385,1,1,469,469,181,0,373,1,18,0.231581099,2278,220940,0.0006844710821917808,0.249831945,1e-06,0,193,2278,1716,1523,0.102165456,86,False,False,1.5454401039999999,84,clone,match,216,84,419c2b7148eb758bbc27624c61ed17638f63a4ab438160174b37066e05b9d5a4,c4a86fce3255d60ef898a36029c7b8e494474911af082979fb2ba3fac4c193aa,add,86,2578,181,20,56.172670739,0.022435109768156897,f5_mcorr_v283,newmine,/home/mdk/incremental-rule-discovery/exp2026_v7/sweeps/f5_mcorr_v283/p_inspection_delta/conf0.8/results.csv,2026-09-11T11:22:02
p,conf0.8,0.8,nocs,0,5.577651987,56.172670739,21.999654616,0.105006549,0.946365316,0.546978119,0.076719517,4.194182098,10.48576,1,,0.000943415,,,,2210,,,154657,0.196050013,batch-cold-round-0,5084.151100158691,84,16.9153664,485,17.061591908,2349,cold-step0-step1-aff-mine,39.257303478,1864,1,0,0,59,0,0,3527,8811,2356,,,373,0,0,0,enforce,0.85,29006,14614,2433,3893,1969,734,29006,14614,14392,24607,23918,284,156867,True,2908.1209106445312,0,385,1,1,,,196,0,373,1,18,0.946365316,2278,220940,0.0006338469588285228,1.4933434349999999,1e-06,0,1707,2278,1707,0,0.105006549,86,False,False,5.896201175,84,,,,,,,add,86,5633,172,20,56.172670739,0.09929476226821995,f5_mcorr_v283,newmine,/home/mdk/incremental-rule-discovery/exp2026_v7/sweeps/f5_mcorr_v283/p_inspection_delta/conf0.8/results.csv,2026-09-11T11:22:02
p,conf0.8,0.8,noaux,0,8.59601451,56.172670739,21.999654616,0.110500062,0,7.87416921,0.174277376,5.807573534,10.48576,1,,0.00176057,,,,2210,,,154657,0.196050013,batch-cold-round-0,5084.151100158691,84,16.9153664,485,17.061591908,2349,cold-step0-step1-aff-mine,39.257303478,1864,1,0,0,180,0,0,6249,6249,6249,,,0,0,0,0,enforce,0.85,0,0,2433,291,1969,734,5960,5960,0,24607,23918,912,156867,True,6229.666030883789,0,385,1,1,,,834,0,0,0,0,0,0,220940,0.0012600686845895342,7.87416921,1e-06,289,0,0,0,0,0.110500062,86,False,False,8.812061348,84,,,,,,,add,86,5461,788,20,56.172670739,0.15302841038020812,f5_mcorr_v283,newmine,/home/mdk/incremental-rule-discovery/exp2026_v7/sweeps/f5_mcorr_v283/p_inspection_delta/conf0.8/results.csv,2026-09-11T11:22:02
p,conf0.8,0.8,naive,0,25.658762278,87.99668744,33.619847422,0.2533462,0,23.660022559,0.255282772,5.782307477,10.48576,1,,0.001450132,,,,2210,,,154657,0.260982014,batch-cold-round-0,6438.827926635742,84,26.969730402,485,27.146119861,2349,cold-step0-step1-aff-mine,61.026955922,1864,1,0,0,33,0,0,6096,6096,6096,,,0,0,0,0,enforce,0.85,0,0,2433,291,1969,734,5824,5824,0,24607,23918,687,156867,True,9228.834594726562,0,385,1,1,,,687,0,0,0,0,0,0,220940,0.0038812372964238846,23.660022559,1e-06,272,0,0,0,0,0.2533462,84,False,False,26.030607591,84,,,,,,,add,84,5442,654,20,87.99668744,0.2915878202289747,f5_mcorr_v283,newmine,/home/mdk/incremental-rule-discovery/exp2026_v7/sweeps/f5_mcorr_v283/p_inspection_delta/conf0.8/results.csv,2026-09-11T11:22:02
p,conf0.8,0.8,staticcorr,0,2.078364252,87.99668744,33.619847422,0.132005326,0.146160519,0.002840984,0,1.891510132,10.48576,1,,0,,,,2210,,,154657,0.260982014,batch-cold-round-0,6438.827926635742,84,26.969730402,485,27.146119861,2349,cold-step0-step1-aff-mine,61.026955922,1864,1,0,0,37,0,0,481,909,365,,,372,0,0,0,enforce,0.85,15445,6682,2433,1804,1969,734,15445,6682,8763,24607,23918,230,156867,True,1688.4096984863281,0,385,1,1,,,164,0,372,1,17,0.146160519,2263,220940,0.0004082232958904109,0.14900150299999998,1e-06,0,174,2263,1697,1523,0.132005326,84,False,False,2.5330171569999997,84,,,,,,,add,84,2582,162,20,87.99668744,0.023618664661861504,f5_mcorr_v283,newmine,/home/mdk/incremental-rule-discovery/exp2026_v7/sweeps/f5_mcorr_v283/p_inspection_delta/conf0.8/results.csv,2026-09-11T11:22:02
p,conf0.9,0.9,pincminer,0,1.9322723750000002,86.269645758,33.680860569000004,0.123891562,0.18226726,0.012180548,0.145231744,1.050291866,10.48576,1,,0.001805681,,,,2210,,,154657,0.300322494,batch-cold-round-0,6479.405494689941,123,26.074581051,566,26.213874574,2642,cold-step0-step1-aff-mine,60.195063527,2076,1,0,0,30,0,0,530,1149,398,545,545,412,0,0,0,enforce,0.85,16697,7319,2433,1998,2223,963,16697,7319,9378,24607,23918,173,156867,True,1679.1826248168945,0,422,1,1,545,545,167,0,412,1,17,0.18226726,2545,220940,0.0004885623316582914,0.194447808,1e-06,0,181,2545,2151,1970,0.123891562,123,False,False,2.272696723,123,clone,match,479,123,a76a47959a3ae74565538d00050dbd10803b898bafa709436a3e93b4ec28c2b5,edf9916956f9b04c1d1a776c29fb671e339aa27236f8cdcac1dbae0899777539,add,123,2932,143,20,86.269645758,0.022398056211107322,f5_mcorr_v283,newmine,/home/mdk/incremental-rule-discovery/exp2026_v7/sweeps/f5_mcorr_v283/p_inspection_delta/conf0.9/results.csv,2026-09-11T11:22:02
p,conf0.9,0.9,nocs,0,15.248377835,86.269645758,33.680860569000004,0.11345007,1.772724944,0.541182914,0.20027021,5.491329243,10.48576,1,,0.001748862,,,,2210,,,154657,0.300322494,batch-cold-round-0,6479.405494689941,123,26.074581051,566,26.213874574,2642,cold-step0-step1-aff-mine,60.195063527,2076,1,0,0,34,0,0,4133,12601,2847,,,412,0,0,0,enforce,0.85,32687,18771,2433,4717,2223,963,32687,18771,13916,24607,23918,196,156867,True,2940.3913192749023,0,422,1,1,,,165,0,412,1,17,1.772724944,2545,220940,0.0008127530235335441,2.313907858,1e-06,0,2073,2545,2073,0,0.11345007,123,False,False,15.666717222,123,,,,,,,add,123,6545,133,20,86.269645758,0.1767525263494661,f5_mcorr_v283,newmine,/home/mdk/incremental-rule-discovery/exp2026_v7/sweeps/f5_mcorr_v283/p_inspection_delta/conf0.9/results.csv,2026-09-11T11:22:02
p,conf0.9,0.9,noaux,0,14.215947338,86.269645758,33.680860569000004,0.143244509,0,11.257009848,0.213981612,12.98964154,10.48576,1,,0.001857642,,,,2210,,,154657,0.300322494,batch-cold-round-0,6479.405494689941,123,26.074581051,566,26.213874574,2642,cold-step0-step1-aff-mine,60.195063527,2076,1,0,0,34,0,0,6398,6398,6398,,,0,0,0,0,enforce,0.85,0,0,2433,348,2223,963,6126,6126,0,24607,23918,645,156867,True,8670.14045715332,0,422,1,1,,,613,0,0,0,0,0,0,220940,0.0017594576192560174,11.257009848,1e-06,272,0,0,0,0,0.143244509,123,False,False,14.565804482,123,,,,,,,add,123,5819,579,20,86.269645758,0.16478504360476895,f5_mcorr_v283,newmine,/home/mdk/incremental-rule-discovery/exp2026_v7/sweeps/f5_mcorr_v283/p_inspection_delta/conf0.9/results.csv,2026-09-11T11:22:02
p,conf0.9,0.9,naive,0,18.158512054,59.28022203,25.240495886,0.260385515,0,16.240560787,0.150672195,3.320031232,10.48576,1,,0.000978742,,,,2210,,,154657,0.23452498,batch-cold-round-0,4507.743309020996,123,16.542508318,566,17.262685553,2642,cold-step0-step1-aff-mine,42.737712666,2076,1,0,0,31,0,0,6398,6398,6398,,,0,0,0,0,enforce,0.85,0,0,2433,348,2223,963,6126,6126,0,24607,23918,610,156867,True,7995.16593170166,0,422,1,1,,,610,0,0,0,0,0,0,220940,0.0025383808669896843,16.240560787,1e-06,272,0,0,0,0,0.260385515,123,False,False,18.432599054,123,,,,,,,add,123,5819,579,20,59.28022203,0.3063165324315166,f5_mcorr_v283,newmine,/home/mdk/incremental-rule-discovery/exp2026_v7/sweeps/f5_mcorr_v283/p_inspection_delta/conf0.9/results.csv,2026-09-11T11:22:02
p,conf0.9,0.9,staticcorr,0,1.518717086,59.28022203,25.240495886,0.100652126,0.125794167,0.00404147,0,1.382884404,10.48576,1,,0,,,,2210,,,154657,0.23452498,batch-cold-round-0,4507.743309020996,123,16.542508318,566,17.262685553,2642,cold-step0-step1-aff-mine,42.737712666,2076,1,0,0,36,0,0,530,1149,398,,,412,0,0,0,enforce,0.85,16697,7319,2433,1998,2223,963,16697,7319,9378,24607,23918,212,156867,True,1916.0053176879883,0,422,1,1,,,166,0,412,1,17,0.125794167,2545,220940,0.0003262201934673367,0.129835637,1e-06,0,183,2545,2153,1970,0.100652126,123,False,False,1.822278611,123,,,,,,,add,123,2930,145,20,59.28022203,0.025619288086192078,f5_mcorr_v283,newmine,/home/mdk/incremental-rule-discovery/exp2026_v7/sweeps/f5_mcorr_v283/p_inspection_delta/conf0.9/results.csv,2026-09-11T11:22:02
p,conf0.95,0.95,pincminer,0,1.457711444,62.390379542,23.467741236,0.101922185,0.260137621,0.03762351,0.122803688,0.656942125,10.48576,1,,0.001145398,,,,2210,,,154657,0.223856247,batch-cold-round-0,7149.744209289551,117,19.66560476,456,19.033170384,2592,cold-step0-step1-aff-mine,42.724773258,2136,1,0,0,29,0,1,409,795,302,538,538,414,25,31,30,enforce,0.85,16513,5748,2433,1923,2324,969,16513,5748,10765,24607,23918,170,156867,True,1577.272102355957,0,423,1,1,538,538,149,0,414,1,17,0.260137621,1705,220940,0.000985964009933775,0.297761131,1e-06,0,190,1705,1477,1287,0.101922185,116,False,False,1.7220156979999999,116,fine-tune,match,432,116,4e096144325f69d3c14649eb01d2320268ad4832a452546dec4e10ad715da163,15a3b6eadf336f8caaf225a966e5ce18786dab0ceb38239d6af9709c097bfdf5,add,116,1973,141,20,62.390379542,0.023364362497886343,f5_mcorr_v283,newmine,/home/mdk/incremental-rule-discovery/exp2026_v7/sweeps/f5_mcorr_v283/p_inspection_delta/conf0.95/results.csv,2026-09-11T11:22:02
p,conf0.95,0.95,nocs,0,7.915934639,62.390379542,23.467741236,0.107721288,0.289782444,0.039645363,0.187178442,2.069033201,10.48576,1,,0.002079408,,,,2210,,,154657,0.223856247,batch-cold-round-0,7149.744209289551,117,19.66560476,456,19.033170384,2592,cold-step0-step1-aff-mine,42.724773258,2136,1,0,0,34,0,1,2344,7847,1647,,,414,25,31,30,enforce,0.85,25029,12800,2433,3425,2324,969,25029,12800,12229,24607,23918,186,156867,True,2649.1689834594727,0,423,1,1,,,154,0,414,1,17,0.289782444,1705,220940,0.000200016883424408,0.32942780699999996,1e-06,0,1386,1705,1386,0,0.107721288,116,False,False,8.175273121,116,,,,,,,add,116,3925,124,20,62.390379542,0.12687748811771765,f5_mcorr_v283,newmine,/home/mdk/incremental-rule-discovery/exp2026_v7/sweeps/f5_mcorr_v283/p_inspection_delta/conf0.95/results.csv,2026-09-11T11:22:02
p,conf0.95,0.95,noaux,0,9.253586729,62.390379542,23.467741236,0.113140721,0,7.911470464,0.193023952,8.828222328,10.48576,1,,0.001209591,,,,2210,,,154657,0.223856247,batch-cold-round-0,7149.744209289551,117,19.66560476,456,19.033170384,2592,cold-step0-step1-aff-mine,42.724773258,2136,1,0,0,34,0,1,6692,6692,6692,,,0,0,0,0,enforce,0.85,0,0,2433,350,2324,969,6420,6420,0,24607,23918,580,156867,True,7450.793174743652,0,423,1,1,,,547,0,0,0,0,0,0,220940,0.0011822281028093244,7.911470464,1e-06,272,0,0,0,0,0.113140721,116,False,False,9.555468605,116,,,,,,,add,116,6179,513,20,62.390379542,0.14831752582576715,f5_mcorr_v283,newmine,/home/mdk/incremental-rule-discovery/exp2026_v7/sweeps/f5_mcorr_v283/p_inspection_delta/conf0.95/results.csv,2026-09-11T11:22:02
p,conf0.95,0.95,naive,0,24.946516701,73.767992817,35.049396695,0.293588902,0,22.574569316,0.265053011,4.723964469,10.48576,1,,0.002068883,,,,2210,,,154657,0.269866731,batch-cold-round-0,5732.854667663574,117,19.142153548,456,19.306564929,2592,cold-step0-step1-aff-mine,54.625837639,2136,1,0,0,31,0,1,6692,6692,6692,,,0,0,0,0,enforce,0.85,0,0,2433,350,2324,969,6420,6420,0,24607,23918,544,156867,True,7775.666687011719,0,423,1,1,,,544,0,0,0,0,0,0,220940,0.0033733666043036462,22.574569316,1e-06,272,0,0,0,0,0.293588902,116,False,False,25.334389438,116,,,,,,,add,116,6179,513,20,73.767992817,0.338175348797765,f5_mcorr_v283,newmine,/home/mdk/incremental-rule-discovery/exp2026_v7/sweeps/f5_mcorr_v283/p_inspection_delta/conf0.95/results.csv,2026-09-11T11:22:02
p,conf0.95,0.95,staticcorr,0,1.887087337,73.767992817,35.049396695,0.107917307,0.186627225,0.009271228,0,1.732937584,10.48576,1,,0,,,,2210,,,154657,0.269866731,batch-cold-round-0,5732.854667663574,117,19.142153548,456,19.306564929,2592,cold-step0-step1-aff-mine,54.625837639,2136,1,0,0,36,0,1,517,1159,399,,,414,0,0,0,enforce,0.85,16992,6980,2433,2005,2324,969,16992,6980,10012,24607,23918,194,156867,True,1926.3488235473633,0,423,1,1,,,162,0,414,1,17,0.186627225,2435,220940,0.0004909735664160401,0.195898453,1e-06,0,164,2435,2145,1981,0.107917307,116,False,False,2.228418627,116,,,,,,,add,116,2824,128,20,73.767992817,0.025581383808034375,f5_mcorr_v283,newmine,/home/mdk/incremental-rule-discovery/exp2026_v7/sweeps/f5_mcorr_v283/p_inspection_delta/conf0.95/results.csv,2026-09-11T11:22:02
